sitename,pet_p,aet_p,aet_corr_p_cond,aet_corr_p,aet_p_cond,pet_p_cond,res,res_corr,res_cond,res_corr_cond
AR-SLu,5.000025160287807,1.0137346193341055,0.35740571110962116,0.761412719871076,0.4758451402819944,2.3470024880609377,0.045535413601722086,-0.2139806539877439,-0.21872175048793496,-0.34061649688490836
AR-TF1,0,0.30852898810456336,0,0,0.2165768623059397,0,0.30852898810456336,0,0.2165768623059397,0
AT-Neu,1.1547110566758885,0.682823006180698,0.6359271832039619,0.9670563501785878,0.4490180027949391,0.759327157668487,-0.05331194736825717,0.21299378345681474,0.017949579275940097,0.20247608819149043
AU-ASM,5.806069859874652,0.8427932819932721,0.5102000445727877,1.0799608508608538,0.3981562569567768,2.7429300783815496,-0.13196623310206734,0.099113930972633435,-0.3256875336870172,-0.21709210318107197
AU-Cow,0.36463617688501215,0.2900208499551712,0.22254175532161835,0.24456535735712842,0.2639038894402526,0.3317999561943662,-0.04560002493123727,-0.09577703343029303,0.018231318541577723,-0.024268174068586945
AU-Cpr,5.516634523445113,1.0263101434883335,0.2978905705838724,0.7107516122510987,0.43014761974503424,2.3121346157582545,0.053628584558237824,-0.2683797784788978,-0.26148842736073297,-0.3971995577737037
AU-Ctr,0.3843435918087546,0.320690326556752,0,0,0.2928910196620995,0.3510264488303437,-0.03056273532376741,-0.35644517923164853,0.036427729582020785,-0.25767134798439484
AU-Cum,2.4294204738001457,0.96080162034412,0.7722944908155913,1.1409468014879678,0.6503561754069062,1.6444483172603406,0.05614215399341427,0.22205513230185736,0.030826995077203878,0.14943865094074926
AU-DaP,1.492011644631428,0.5662054655561729,0.45980689552905873,0.5951146799589846,0.43747060208111876,1.152781582296817,-0.24329406419443156,-0.23242057295319563,-0.09781757774260758,-0.07846852279498895
AU-DaS,1.6878897089296527,0.729404618542169,0.5233449847008322,0.6787580307189865,0.5623951859947989,1.3014190240383285,-0.10955035496624,-0.1776432128165074,-0.0024481796117263865,-0.04462390322430343
AU-Dry,2.2788057810039866,0.8480320640663055,0.7108782324326072,1.0038355183940844,0.6005441366669849,1.6137638048999194,-0.047183382723684275,0.09372877141882108,-0.014719857877827258,0.09230037155343529
AU-Emr,3.188167648870696,0.6516173105052768,0.6451579868228843,1.0576193813914652,0.3974928217289562,1.9448129054642767,-0.28498990130229374,0.1096545508640221,-0.2587850567071514,-0.014533634272928753
AU-GWW,6.043689734339505,0.8650090218699743,0.4705952104168336,1.0871779848308736,0.37442728636809686,2.616067913358274,-0.11127015634344739,0.1050840476516195,-0.3407649479046364,-0.24805120214382415
AU-Gin,3.4658038789216223,0.945304223660131,0.6646672464454378,1.0837560400905066,0.5797547899626468,2.1255764542086184,0.001134615064223965,0.12908293570329876,-0.09502432082951928,-0.013552423384097012
AU-How,1.4874686446117584,0.7333870891828176,0.615940584552529,0.7661207611007603,0.5896235885391071,1.195884973994624,-0.07533520525153836,-0.06064710524527017,0.04532213451597367,0.06860778877233131
AU-Lit,1.428321728446888,0.837996034123307,0.7508167975867034,0.9449252606511287,0.6658531895922256,1.1349129827866207,0.03984050903779224,0.1286168786594768,0.13441600116470076,0.21641170008313904
AU-Otw,3.57755315564678,1.714981769466994,1.0601057643234817,2.074661507326706,0.8763174393032911,1.828049881429443,0.7681728011116631,1.1176657599340625,0.23333375131882605,0.41373486333086507
AU-Rig,3.1613059049811367,0.9566317691125628,0.4960697873153904,0.8857968708721485,0.5357392127334685,1.7704153169775994,0.020843617490003297,-0.06143690171902272,-0.100240189172912,-0.14328053139805486
AU-Rob,0.3099374508299123,0.1484586427308326,0.18162541063451668,0.19093939103132174,0.14121686364762373,0.29481877193566575,-0.14218391896706234,-0.10318496414344591,-0.08285900009502348,-0.043448922728427014
AU-Sam,1.5355070613595079,0.5218236671396765,0.5088237571368647,0.6710208982846819,0.39569002926090846,1.1643489406490317,-0.2948832256912808,-0.16361708978646283,-0.14205478982864728,-0.0319204810284105
AU-Stp,2.643286900842103,0.786585969293368,0.13460621445517182,0.2088195887832564,0.5070374876565312,1.703876755597881,-0.1293271290497876,-0.7204345023697547,-0.1204572915633032,-0.4962376805790394
AU-TTE,4.83788711599644,0.8243078361832589,0.42701636713265195,0.8732957935356939,0.40306267385171546,2.3655867761674108,-0.14223176571239626,-0.10070159847105298,-0.29304021722523566,-0.272542353370361
AU-Tum,3.2228365583295586,1.7929273075277519,1.3065139399097798,2.263401594477824,1.0349398561196725,1.8603330932440418,0.8552877017159308,1.3145165107439332,0.3881645653343422,0.6563432735222048
AU-Whr,4.22390893866816,1.2435491564770784,0.6078503347093399,1.1752021827910077,0.6432014695521829,2.1847342523255047,0.28478757644291197,0.20782378925113498,-0.03714921748050093,-0.07594656779447317
AU-Wrr,1.1000009991599016,0.4367618061097904,0.4612921673749684,0.5869368496514002,0.3432648679098151,0.8645254516196677,-0.2837621477708879,-0.1512695389375418,-0.12022829068687618,-0.004787130703903075
AU-Ync,5.806069859874652,0.8427932819932721,0.5128092378271056,1.0799608508608538,0.40019245164328643,2.756957585304979,-0.13196623310206734,0.099113930972633435,-0.3245706490212914,-0.21540140853456147
BE-Bra,0.8230969963574915,0.3891937855921355,0.2834420078984681,0.4093345813036341,0.2694955986824204,0.5699500506401368,-0.22972124937589283,-0.22448417761075656,-0.09184983066443392,-0.07982188327609951
BE-Dor,1.5203367899415603,0.2228991417453546,0,0,0.14111601977370963,0.9625154894368844,-0.5913412372573211,-0.8322100150363878,-0.3493006042747954,-0.4931623871620008
BE-Lcr,0,0.5626413595725982,0,0,0.38120649648584654,0,0.5626413595725982,0,0.38120649648584654,0
BE-Lon,1.027059101627524,0.5252660075251367,0.48867443640448593,0.7345625646603274,0.3494379955347645,0.6832604216279557,-0.17238895385239505,0.019691060770148705,-0.05555415055567636,0.0814700115499769
BE-Maa,0,0.3823989272038827,0,0,0.26217365394861897,0,0.3823989272038827,0,0.26217365394861897,0
BE-Vie,1.0960468526766785,0.41447857358122486,0.36699670865755984,0.5093275791581698,0.2986531233294003,0.7897581123167543,-0.3048677532064845,-0.2276801562276326,-0.1422045083640504,-0.0763061330672925
BR-CST,2.6546018147498143,0.9894089600856083,0,0,0.5138034320180854,1.3785437347786678,0.07296037999506388,-0.9297441045736856,-0.06481612261299496,-0.5818029172942276
BR-Npw,0.9419964896846973,0.8055981820809686,0,0,0.6353447216818868,0.742916891915088,0.1379262533478569,-0.6841173147305619,0.20970280890238246,-0.42798955392815885
BR-Sa3,1.2440612510149274,0.858972812017458,0.7924933044293845,1.0187620618025401,0.6681935142012162,0.9677531670005064,0.0998731643311237,0.24149925296184982,0.176417644420784,0.29796387662779567
BW-Ma1,5.239471372875893,1.074603171905036,0.7232538094877176,1.4159240776474595,0.5489071413060707,2.6763212024973013,0.10418752321368818,0.43867620519056416,-0.1704717112827634,4.231886473197166e-4
CA-ARB,0,0.7982838488679104,0,0,0.5668141464662115,0,0.7982838488679104,0,0.5668141464662115,0
CA-ARF,0,0.7824594537484277,0,0,0.5614179697105759,0,0.7824594537484277,0,0.5614179697105759,0
CA-Ca1,0.3873878310455925,0.15486640675741561,0.20327213759523757,0.21924737499375382,0.14358222324974362,0.3591612100134093,-0.19877378863157888,-0.1396585101328742,-0.11736004139546902,-0.05890775284922031
CA-Ca2,0.4141315634216464,0.13566003261344353,0.1701602633206166,0.1851828957396328,0.1246548542152782,0.38053587832585273,-0.238630763404552,-0.19502817878095874,-0.1478179402924306,-0.1036268106516717
CA-Cbo,1.313975641816028,0.5178234496764507,0.4887473329693497,0.6607635745881736,0.38301873727844443,0.9719090386066316,-0.25729774639392633,-0.1325847777278143,-0.10983018074412726,-0.006861277485707307
CA-DB2,0.48600228313407773,0.15938277209374302,0.15668386602393983,0.20045393784050305,0.1245807848840087,0.37988137044480824,-0.26751648285885127,-0.23416555331326247,-0.14754397196982072,-0.11675284609956546
CA-DBB,0.7986756243066788,0.33380397678582896,0.3880306857220856,0.5071930661762645,0.25537846364001787,0.6110309285291616,-0.2740023014451691,-0.11512947583529631,-0.12251080822916943,0.00811067761616252
CA-ER1,0,0.6327847283568079,0,0,0.477342269146596,0,0.6327847283568079,0,0.477342269146596,0
CA-Gro,1.3132443799959297,0.4627182797989319,0.477677890866811,0.6484796756134595,0.34084382328679586,0.9673515288443197,-0.3122434395300807,-0.14470900653932095,-0.15082808816841609,-0.016746983395464876
CA-LP1,1.8884560786307327,0.4535799967794559,0.3332524205355855,0.5250631290185113,0.28788277728781003,1.1985845596418643,-0.408878643334785,-0.354030907937986,-0.2569705715500264,-0.21463491746376367
CA-MA1,0,0.9591239547218273,0,0,0.7030437025802316,0,0.9591239547218273,0,0.7030437025802316,0
CA-MA2,1.7959452829444615,0.8269941017783933,0.9129877093689539,1.249104569149221,0.6044613631976015,1.3126811081511318,-0.025331423096145445,0.3797533692705055,0.03754468527426291,0.34293652058568524
CA-MA3,1.610225817951936,0.9296044542610649,0.9446937465360647,1.2926966753017024,0.6793484747591991,1.176741837272141,0.10144177813654354,0.4468207571440357,0.1390027459647598,0.40133583237083403
CA-NS1,5.545933261916947,2.1325532582016953,0,0,0.8036183195547154,2.0898955518056166,1.1596488196724017,-0.9793159494537429,0.13230911192124728,-0.6747456669743408
CA-NS2,2.6622503032164664,0.8495295529475789,0,0,0.48290389752587864,1.513321158930905,-0.06727790394172384,-0.9300723468437111,-0.11761421336538541,-0.6037837723532347
CA-NS3,4.836903085625668,1.3632291973819337,0,0,0.5751517582657549,2.040708429368567,0.39670009723406285,-0.9739885389669896,-0.09123224784296335,-0.6698138995806331
CA-NS5,3.3006764927631416,1.0639362588891437,0,0,0.5426959617853926,1.6836194732688108,0.12407538557681863,-0.9508603851440873,-0.08212609972956941,-0.6281638538902765
CA-NS6,3.097866235349024,0.7803879778482876,0,0,0.3879018166529986,1.5398339986645515,-0.1533964061083395,-0.945441753239102,-0.21663043407463323,-0.6078116321709905
CA-Qcu,1.0338531725381395,0.35139632668404347,0.28046244930566766,0.3645203918347363,0.27036477702323675,0.7954479351156307,-0.3484943933874111,-0.35263750458547405,-0.1722848301513526,-0.16464371904065878
CA-Qfo,1.1843323055868062,0.3103264876390203,0.35166660151974244,0.45554087140197247,0.23956458820853915,0.9142760685643054,-0.4337537078571601,-0.30656624851605513,-0.2379620709139338,-0.12853059571005893
CA-SF1,1.9603960114437937,1.2044992860380255,1.109544471785529,1.4560692493797731,0.9178447554347978,1.493848289107394,0.33488820039379563,0.570138073100166,0.3203333980209525,0.5087780149430972
CA-SF1,1.9603960114437937,1.2044992860380255,1.109544471785529,1.4560692493797731,0.9178447554347978,1.493848289107394,0.33488820039379563,0.570138073100166,0.3203333980209525,0.5087780149430972
CA-SF2,2.080326691186916,1.241870107591224,0.8303150617564027,1.5120401645939576,0.6819550691994615,1.1423814165215724,0.3615622329887751,0.6159494971970345,0.14889993088599496,0.2942838586397917
CA-SF3,2.284423897273258,0.8429500975110327,0.819885378349322,1.1217686248008119,0.6161007219738838,1.6696542494747462,-0.05264389835842165,0.2113082803528772,-0.0068534447128792975,0.19359466479168053
CA-SF3,2.284423897273258,0.8429500975110327,0.819885378349322,1.1217686248008119,0.6161007219738838,1.6696542494747462,-0.05264389835842165,0.2113082803528772,-0.0068534447128792975,0.19359466479168053
CA-TP1,1.3882873976518544,0.40907221881444467,0.3997020096281437,0.5618777590458918,0.29100099676631386,0.9875836048843322,-0.3814311526295271,-0.24682645846700713,-0.20585221557504174,-0.09993363484020995
CA-TP3,1.2068612816182027,0.39744436895221047,0.39571070697037347,0.5145522721872445,0.30565017534747535,0.9281232573986653,-0.3524537794828029,-0.2534338273313229,-0.1756464850246245,-0.08827873097009376
CA-TPD,1.7705531591439074,0.4122150615120596,0.4876501254353668,0.6763491545928505,0.2972085129221631,1.2765750711498536,-0.43712635303072084,-0.19012083762566967,-0.2629831166871681,-0.07564650505383275
CH-Aws,0.07605124508381064,0.5723695137237031,0.15234937063575538,0.1760048034672789,0.4954417917526377,0.06582979041670392,0.4968577644399709,0.10032172359672523,0.4351895004862103,0.09195328785485801
CH-Cha,0.7318616775693267,0.6419075896295195,0.6146862738785066,0.8071249821538311,0.4888608247396571,0.5573676165729461,0.06656695996952655,0.2184515896931145,0.13275806281133185,0.2567007774678496
CH-Dav,0.9436764629991827,0.6902376175054021,0.550446262426478,0.778580889072448,0.48798875245273543,0.6671666223615768,0.021936207827872645,0.09381629655134172,0.08882797276935273,0.14911194286325669
CH-Fru,0.29305950404942727,0.45801738155086263,0.2881846234506015,0.3585199820166562,0.3681623710165578,0.23556634792863673,0.18171232081998118,0.07909074879634898,0.1811716101346177,0.100423775729236
CH-Lae,0,0.8858864567658273,0,0,0.6270381683287265,0,0.8858864567658273,0,0.6270381683287265,0
CH-Oe1,0.66115498106058,0.5004715782735091,0,0,0.3892943661190715,0.5142827693559537,-0.03701262821659734,-0.5493775215268706,0.051802002569368344,-0.3392479570360507
CH-Oe2,0,0.5765092875726352,0,0,0.4392152026430795,0,0.5765092875726352,0,0.4392152026430795,0
CN-Cha,2.55941299505915,0.9462602828829532,0,0,0.5660773361564603,1.5311069444373189,0.03449403467706169,-0.9254497214968604,-0.037143587576567216,-0.6064958714701865
CN-Cng,3.0324289345036357,1.252709354813012,0.9900511628510763,1.9083145432999524,0.6499171521809756,1.5732520634029852,0.3210998425296421,0.9648234040315202,0.0404518324059272,0.37729020787548595
CN-Dan,1.990700378895295,1.127222742522498,0,0,0.6386106796622649,1.1278006324866883,0.25477123981254723,-0.8886367904975865,0.10872561389792901,-0.532845104177744
CN-Din,1.0188887204427537,0.4579032503360889,0,0,0.356396367578804,0.7930239382801637,-0.237033080997743,-0.7120899192167449,-0.08549126756154046,-0.4443393734581669
CN-Du2,3.8858826636784496,1.2080036820450022,0.6754065618539666,1.4218209628526222,0.5738370968732989,1.8459079716881635,0.25487477347830345,0.45930625986807727,-0.07125535093421353,0.02692230344608948
CN-HaM,2.3077654975537203,0.5757022307324587,0.5797161210996601,0.9445185908478401,0.3533481154765412,1.4164346531798384,-0.3214415211510343,0.03261189120405572,-0.2316936215864358,-0.008534380829852695
CN-Qia,1.2231452461436525,0.5385328614579871,0,0,0.4073022724135742,0.925087165335473,-0.21545394961854736,-0.7721114795170871,-0.07317270055661518,-0.48316291970920644
CZ-BK1,0.7972693725435199,0.28643346765150207,0.14323461471645743,0.18286634872853785,0.2243561358676547,0.6244810605970255,-0.3207210863939179,-0.43878141572303914,-0.15876602086608924,-0.24195359809694578
CZ-KrP,1.6164343925429545,0.6278647696944203,0.6967517059208272,0.9209538490199447,0.47501386723961736,1.2229205857730323,-0.20120063096512075,0.07419517977318346,-0.07474973992848377,0.1439308323994699
CZ-Lnz,2.39714550052512,1.0927488971226722,0,0,0.6369050166506214,1.3971681865303407,0.18999603251848884,-0.9171244012346018,0.05510148438632689,-0.5849996163389788
CZ-RAJ,1.9317960560305287,0.5289102534173127,0.4468495190084692,0.5837418754995531,0.40487637131723075,1.4787737092203186,-0.33792841674273877,-0.29954315012740995,-0.19027245707114404,-0.15154594080856504
CZ-Stn,1.643797859487261,0.5857255743132105,0,0,0.4449373601118251,1.2486855828607364,-0.2472337337756213,-0.8505615538241531,-0.10990053991283039,-0.5579186878900311
CZ-wet,1.8793152484497693,0.832519590302925,0.5089723477669793,0.818999713518542,0.5173743573341193,1.167911878855752,-0.028986609509862094,-0.05918133004793924,-0.02112148588489504,-0.03252661462273443
DE-Akm,1.2939956605674081,0.7340011319799008,0,0,0.4739100647379008,0.8354722364200052,-0.03670287874970335,-0.7889224254148501,0.018983040363802217,-0.4574604820246839
DE-Bay,1.0401168279937032,0.3058351641330796,0.24926549592162806,0.3316431745922128,0.22986800181141015,0.7817596043249576,-0.39609694121278466,-0.38760142367351613,-0.20845035660544026,-0.19148193502232047
DE-Geb,1.4677959077295886,0.6909142354280342,0.5229820857207439,0.87932982984403385,0.4109217675037776,0.8729727335338401,-0.1143869884852875,0.0559429219381532,-0.055009594775341175,0.054449745121727844
DE-Gri,1.1859530532563618,0.5324760658922646,0.534685324880119,0.7627515276405729,0.37326328163927863,0.8313476546345978,-0.2120290541996509,2.1468457077344905e-4,-0.08042449759204812,0.07847177760401214
DE-Hai,1.3306825055954397,0.5053400020960109,0.42671943532408807,0.6320440962692044,0.34117619579700514,0.8983994799335576,-0.27338026524432635,-0.16490521439206396,-0.13195635349873164,-0.049057493309468625
DE-HoH,2.391420810049149,1.180061327878413,0.8961212383895445,1.5720747794181524,0.6726639421729045,1.3631686010540334,0.2776529840124804,0.6552700670827716,0.09671357644848244,0.31699836509792045
DE-Hte,1.161865714222357,0.9251913918217685,0,0,0.6843208420028503,0.85937777942929094,0.18710582501256678,-0.7560392216532661,0.22232493121697228,-0.46457290307247967
DE-Hzd,1.266186104239247,0.8628971021230974,0.6931071808945986,1.0878447514379888,0.5497844955027587,0.8067352258096595,0.0985536100987362,0.30530747771249334,0.1036148979221665,0.24445881693328264
DE-Kli,0.9758327846372611,0.5720891350649351,0.476398733488524,0.692594329381564,0.39350963157731994,0.6712233741689446,-0.10796402868083588,-0.004242280229097561,-0.00713190627084942,0.07357379988195922
DE-Meh,1.5350119848647332,0.5776352009872596,0.46230262268998534,0.7705367418120574,0.3465665605334645,0.9209684989124314,-0.23899197836892938,-0.06402282354615108,-0.13278934302276707,-0.019734633691482983
DE-Obe,1.1070730585695907,0.40083217373964375,0.4033818930181527,0.5463770947774654,0.29592829306201585,0.8173351890914883,-0.32178097453701204,-0.19395494579522954,-0.15350533838265956,-0.04855098340151082
DE-RuR,1.0523910441388924,0.6360057604668561,0.6325237086248724,0.8921020742591146,0.45094472249868534,0.7461727815341787,-0.06987218266146855,0.16882657713564386,0.024217744139789277,0.20344206493441164
DE-RuS,1.621599755963532,1.0738316351396335,0.9370657468869656,1.5643014536310165,0.6432589069563852,0.9713892312421996,0.24402067636484626,0.7168140403297045,0.150543940559692,0.44159185290166447
DE-RuW,0,0.6820501222461948,0,0,0.5088950608418474,0,0.6820501222461948,0,0.5088950608418474,0
DE-Seh,1.1505504025023714,1.0215721579792165,0.7071382404508577,1.1730983469907943,0.6157989567882988,0.6935464441345237,0.2865809528915375,0.42019528987412746,0.20713937313088449,0.2962421211482549
DE-SfN,1.6419516342218163,0.5120884567820051,0.47963780966164987,0.6712839895169714,0.3658913211093733,1.173187648904306,-0.32061239897328,-0.17902540077444284,-0.1737117403602242,-0.06297380558100757
DE-Tha,1.3590673240411792,0.49829629091402183,0.4645565002983622,0.665064287231773,0.34806677408916425,0.9493271129538219,-0.2863484485301,-0.13780204035031118,-0.13889294854366524,-0.025129040082758458
DE-Wet,1.1041652239522828,0.3273877711235464,0.32222020793953776,0.42769908339983953,0.24664760758832732,0.831856699886592,-0.3943689887470266,-0.3117617557123915,-0.2071934326764941,-0.13414755227377118
DK-Fou,1.4019672053500798,0.15523018945727032,0.16527417246554255,0.25444916603422957,0.1008277665204391,0.9106297076913716,-0.637935509590744,-0.556903418169939,-0.3756965276424271,-0.3139147148266678
DK-Gds,0,0.6879397652404933,0,0,0.5169235657464856,0,0.6879397652404933,0,0.5169235657464856,0
DK-Lva,0.6959501456556774,0.3713559627023055,0.04984036344356168,0.06475059595853028,0.2858431783372385,0.5356924933987275,-0.18522206529975122,-0.5044518820708143,-0.061026937792405644,-0.29884945607517677
DK-Ris,1.9604480604571475,0.7508648709618532,0,0,0.44249263493078533,1.1553128418504777,-0.11875117775014454,-0.8859359086408727,-0.09333554237301006,-0.5388181033452524
DK-Sor,0.3901725119921753,0.5334613439859783,0.23966470175288535,0.3395372680382005,0.3765473364435169,0.2754059348450024,0.17764404858410265,-0.021613202802568177,0.16427280458595372,0.026465895773383097
DK-ZaH,0.33015656667299764,0.8569967611545245,0,0,0.3884266923636756,0.1496407325766038,0.5494599495867089,-0.3114636969142026,0.2613531982948942,-0.12751114673824682
ES-Abr,3.6193481066392454,0.9941297440399555,0.9235533719761087,1.5062046687948287,0.6095664794509492,2.2192609128722256,0.046385312273780954,0.5483881546738529,-0.07393589200249817,0.23660209897276152
ES-Agu,4.767623717239546,0.7469808203979682,0.32032140358747496,0.5889163200323361,0.4062953202411893,2.5931900151777976,-0.2187951543276776,-0.38443670473508973,-0.30726888617080206,-0.3966977149093459
ES-Cnd,2.1449886770830475,0.5616268104381033,0.6920888607621243,0.932267381555631,0.4169358138015878,1.5923787523198643,-0.32388724655447243,0.0312622104163065,-0.19529147658597673,0.07655713227543037
ES-ES1,3.242275648111689,1.0080930996238822,0.5469313715484031,0.9220564186961522,0.5979652984851258,1.9232036469821214,0.06988647204821596,-0.02733351190884936,-0.05593764848441696,-0.11038101189228333
ES-ES2,2.772676613640775,1.4884243393932086,1.050875722206654,1.7525248708765186,0.892511728993322,1.6625946868006236,0.5666993302123073,0.8179680980032376,0.2705098026819748,0.425539963155368
ES-LJu,2.19035750953534,0.42665019885753536,0.3950014336993014,0.6480346511912345,0.26005930381504583,1.3351050827144306,-0.46230675499444146,-0.25620912946758456,-0.3109215470402191,-0.1791312597911251
ES-LM1,2.529057336785643,0.8000431584720291,0.8904681394608531,1.1990256677199733,0.5941598766335608,1.8782291671534805,-0.1101410503203677,0.2750317334373138,-0.0546781470967338,0.23823049726926349
ES-LM2,2.6190467597383904,0.7677232093122782,0.838478742670712,1.146015436616614,0.561702373891,1.9162176738077383,-0.14702402678016935,0.2178292068596781,-0.09142476082999751,0.18194361955472405
ES-LMa,1.9056905933388366,0.7463715786179836,0.49851512583542623,0.7734323057330389,0.48107315750417806,1.2283112289204139,-0.11785532869129378,-0.1073551996773513,-0.0697625400769834,-0.055382853341903515
ES-LgS,3.979895999013261,0.8948549149134035,0.5663144864435876,1.0776092252215537,0.4702718663869214,2.0915492425528313,-0.059960950038491445,0.11363215730607079,-0.20120003799979114,-0.10859407929229126
ES-VDA,0.8342435519580814,0.44721619435420185,0.36444114094976354,0.5093614908248681,0.3199770360686625,0.5968897872770695,-0.1766395446590297,-0.1295667081501316,-0.052314270563342535,-0.009843005430052565
FI-Hyy,0.981198210819004,0.5018321126151323,0.2769250317578481,0.4150242182154503,0.33484762484610114,0.6547047949638932,-0.18012794018866518,-0.2837690069877633,-0.05971799276364115,-0.11978346295793985
FI-Kaa,1.0748101953339297,0.48954615440134347,0,0,0.3154357296117327,0.692546627342798,-0.22335673089496094,-0.7304433226167388,-0.09286938349076679,-0.4105393079959654
FI-Ken,0,0.423561973500627,0,0,0.29335374772160155,0,0.423561973500627,0,0.29335374772160155,0
FI-Let,0.9716022074243729,0.660480778189653,0.36993331944870855,0.5747289947693326,0.42512879797517067,0.625386978989023,-0.018058095176874178,-0.12055337642182629,0.04165734359258477,-0.015606544687748136
FI-Lom,0.622737328159714,0.48916972332767256,0.2934521995409229,0.4460786658720884,0.32179958882071286,0.4096668427920441,-0.026155823441026904,-0.08028631791010404,0.034148920312964626,0.004385342174971052
FI-Qvd,0.8312208724438624,0.5764669351277718,0,0,0.4673428932896785,0.6738724180331064,-0.046056926654121755,-0.6375510668274522,0.06573839319543284,-0.40379429851039217
FI-Sii,0,0.5092941462049739,0,0,0.3323367266297896,0,0.5092941462049739,0,0.3323367266297896,0
FI-Sod,0.9525995905665939,0.5461175226444188,0.13085506948799303,0.19885814619805653,0.359362931519395,0.6268412333165138,-0.12550123074214392,-0.4893165282272822,-0.024668418041746798,-0.2552484614955684
FI-Var,0.9553974640283456,0.30167532788325,0.2310682368554674,0.35309257016749346,0.1974201441953622,0.62522416544900306,-0.37097459110778974,-0.33614173126917185,-0.18598856282832382,-0.15440845714906792
FR-Aur,1.6862050081901812,0.7185414554621058,0.6014831410336144,0.9460199406673633,0.45685143939918066,1.0720956727797561,-0.120190517898083,0.08983554510633551,-0.060482193339609636,0.0812547482786169
FR-Bil,1.532034152832219,0.6499328390362508,0.62119137073783,0.7502059175750697,0.5381624720762861,1.2685669002601347,-0.1662137686788866,-0.08388079358939438,-0.02050636858622168,0.05942435214986297
FR-EM2,0,0.8581399868084375,0,0,0.6602909180217345,0,0.8581399868084375,0,0.6602909180217345,0
FR-FBn,2.3204386829309644,0.7011022747835888,0,0,0.45143379640026476,1.4941107476407745,-0.1968676658462477,-0.9126769366925531,-0.14611842224853283,-0.6008074632337526
FR-Fon,1.690772110922329,0.9437713590332275,0,0,0.6154427658224111,1.102569445832059,0.10443594201811712,-0.8567711278289774,0.09115463745443386,-0.5272194114552546
FR-Gri,1.5658162952760075,0.7234103515726905,0.6181475568834703,0.9990986342468693,0.4475777727250678,0.9687787414330795,-0.09807888878484528,0.15976134728406377,-0.04446334806997965,0.12335136009315228
FR-LBr,1.4787345228272157,0.5923715946763656,0.576151476943917,0.7965223583193155,0.42848234655026507,1.0696185366755429,-0.2148430314601818,-0.02875616430547079,-0.08827634765399017,0.056501080439327
FR-LGt,0,0.5618474028147223,0,0,0.3645149997152909,0,0.5618474028147223,0,0.3645149997152909,0
FR-Lam,1.856442314482033,0.8153414485522072,0.8785310760139268,1.1520999417713875,0.6217366863277397,1.4156256805221805,-0.04373604466526415,0.2762496518022246,0.03682979960141364,0.29041594726511033
FR-Lq1,0.3700094522835701,0.6811182335967697,0.06141413345732039,0.08364207606220263,0.5001105671650015,0.2716791709726817,0.3412046289459657,-0.2611203160735952,0.29013957493222775,-0.1494668058178159
FR-Lq2,0.37000986269044855,0.5956369353864207,0.05680782136877458,0.0773842316941602,0.4372575120963514,0.2716245121806907,0.25572300373268486,-0.26737849719672324,0.22732039726533532,-0.15403903019451295
FR-Pue,1.4675054207098992,0.4223850079288828,0.3193080656351002,0.44853602676461113,0.3006914312054078,1.0447016275948173,-0.38286501728329847,-0.37480024303369286,-0.21020129937141246,-0.19444484493511566
FR-Tou,1.8736019244202378,0.7201295097849546,0.6660660710273294,1.0222700592426865,0.46920461856100565,1.2207563560966719,-0.14077616360131728,0.1446649709299741,-0.0801269941177401,0.11367921971212236
GF-Guy,0.7392716980235444,0.4154971008312938,0,0,0.36775378535061237,0.6543245784550538,-0.16359850004831794,-0.5925683788087415,-0.026670519290048877,-0.39656623699324345
HU-Bug,2.0986228654985055,0.8766858459709282,0.6067462568448421,1.0038500366185381,0.5298857758311222,1.26844799693331,-0.005132374153518859,0.10633154418939639,-0.028760367763247086,0.045002037408537365
ID-Pag,1.1530562573533598,0.6105688386095677,0,0,0.5115721403045272,0.9661014781053758,-0.12511204920162522,-0.7536022870820063,0.020224075340457448,-0.49409917256563696
IE-Ca1,0.7507905903409859,0.15534850969163938,0.131169575995702,0.2009798620421912,0.10138825821036164,0.4900037366724636,-0.42950646097237244,-0.3975612649951674,-0.22514700295916618,-0.1970463523392726
IE-Cra,0.5618645266655763,0.24598629282574494,0.2610273927570291,0.30271199041900043,0.21211304045603158,0.48449363461016054,-0.23184433861398887,-0.18472169320428133,-0.11188637758012315,-0.06463535994382491
IE-Dri,0.637080926139818,0.33070905336148076,0.3372814772412451,0.43157797553021,0.25845164577219293,0.49788359942760174,-0.19302378314886698,-0.10351845613490923,-0.07167817950902344,0.0054464085338924995
IL-Yat,7.303027044868737,1.1068073699450645,0.48816473884509787,0.9391514903110197,0.5753111572256877,3.796065200254735,0.1244965836162304,-0.04782040417382605,-0.20222980515685496,-0.29270975159232865
IT-Amp,1.5205643839968725,0.7109297302101746,0.5311452022238279,0.7559248137291228,0.4995297263184243,1.068413766242337,-0.1033480211824579,-0.07632201118347304,-0.016948811146695664,0.011776454511498446
IT-BCi,0.94750606256899506,0.7280408265353676,0.5398902680347745,0.7430893657117746,0.5289567784380017,0.6884088585966461,0.05831031775609474,0.056855504907135423,0.1221232402236655,0.13083226117447844
IT-BFt,2.0379184980737786,0.79570302747143,1.0445956463723058,1.3069068452692476,0.6359963002035378,1.6288848730537362,-0.08098504764301151,0.4142450252751826,0.018617099431195383,0.4238961687365823
IT-CA1,0.9629239270942628,0.9847219609193568,0.4594955073314923,0.7026922886652509,0.6439167247339074,0.6296628346986034,0.3093192621579094,0.010630094980323301,0.2588019396415776,0.07230124619669936
IT-CA2,0.9120689270452131,0.6519647168190106,0.5525891715321145,0.8436418948065861,0.42703977238800134,0.597409180220532,-0.004227173919881144,0.17133981121667385,0.0545410854006903,0.17809623899821903
IT-CA3,1.6116421325117756,0.8499323607390104,0.6356308124310404,0.9752250208816265,0.5539677360611365,1.0504338753639277,0.021563116016463324,0.12914706750897864,0.04171203197530826,0.1205075517947074
IT-Col,1.0937343228762153,0.35391938501250064,0.4062671697821519,0.5327422002887313,0.2698975729764612,0.8340776225493193,-0.36473503825961195,-0.20356111948905575,-0.1846110888903163,-0.05077235564271615
IT-Cp2,1.6930831667928143,0.648324249722081,0.4373903743218211,0.7014172124867369,0.40428261699268875,1.055774319332784,-0.19131520621160714,-0.15564945801614172,-0.10923560148284794,-0.07900220553470855
IT-Cpz,2.072941962500767,0.5894805746747223,0.46182843808551183,0.6766375589650354,0.4023407945313964,1.4148542836551505,-0.2902090730840621,-0.21886817242926926,-0.18243741495839183,-0.12615751409146653
IT-Isp,0.715958287178647,0.2604647055348943,0.37818469474294336,0.44818411788372814,0.2197841494677403,0.6041366828522498,-0.3066832781594342,-0.13198896489027312,-0.1553884035405951,9.997832422347086e-4
IT-LMa,1.8442279593468969,0.5825452074620943,0.2834061942998848,0.40657066797450037,0.4060718917008141,1.2855468152285092,-0.27520813545901146,-0.4680072986781373,-0.15581213386455,-0.28159035453637216
IT-Lav,0.83585284915094,0.5352917715292005,0.3827150392954946,0.5052604652176972,0.40546257916119527,0.6331258391060212,-0.08927067613330841,-0.13439838407971216,0.019023273418951325,-0.005812653321951078
IT-Lsn,1.3349506245050886,0.4528392406521645,0.5700475221950466,0.7676144782466674,0.3362884552100663,0.99136391680632,-0.3267869946811254,-0.030240519942231314,-0.16152046487336186,0.06945077864646898
IT-MBo,0.7075199554692921,0.47180561108992985,0.41994166414311734,0.558587917143375,0.354699461611001,0.5319075089087124,-0.09092051751646396,-0.016996157855669436,0.009468281537126477,0.07290198062864023
IT-Mal,0.6234275677706427,0.22354000487358833,0.25885081509725183,0.3079809573446555,0.1878801630050719,0.5239763375725102,-0.29219380775479803,-0.21880803018277567,-0.1538905049045647,-0.08470470100017324
IT-Noe,2.7473041280301334,0.7570880490302534,0.4709669651330251,0.7885093381559658,0.4521994141808549,1.6409310896706903,-0.1635491241186411,-0.14505758792828338,-0.1668462648394276,-0.151403949824038
IT-Non,0.8486624620433213,0.24011024553619023,0.23233167326311538,0.29030980897062997,0.19215752754218593,0.679175018375171,-0.39001856961391457,-0.3551022063333462,-0.2113651823046773,-0.17339357270820738
IT-PT1,1.9746556325553044,0.8114750027852932,0.7984742579310183,1.2500375309017178,0.5183379575900922,1.2613314815728272,-0.05948482801105237,0.3628209258627202,-0.03894506522882235,0.23809931089533432
IT-Ren,0.8513547434967667,0.5957046046339795,0.33437289010992055,0.4557884320772473,0.43701738851830463,0.6245659741613581,-0.035580925383929096,-0.19081870782868526,0.053862474610930855,-0.050848300626733955
IT-Ro1,1.771053233359757,0.5070383146036387,0,0,0.35149763618244645,1.22775933721275,-0.3423627647607349,-0.8665276516323714,-0.19922855728748368,-0.5537879639186583
IT-Ro2,1.7245147652277084,0.5442898165271446,0.5324748363686481,0.7686869621718467,0.3770333637161663,1.1945834424399362,-0.2993986253347787,-0.09231061356311054,-0.16700148857817848,-0.014590076580816791
IT-SR2,1.1153624674200637,0.6931734423248066,0.6037293506022252,0.8115333116919059,0.5156771091959088,0.8297589864028336,-0.03186102681704295,0.06873906739558744,0.062468213965164776,0.14799766331614816
IT-SRo,1.0577562497769586,0.67587324768577,0.47018992366482887,0.6817140239954745,0.4661614394756558,0.7295527344790628,-0.03170709955095574,-0.043299524038744486,0.045017643385136696,0.046727705768026484
IT-Tor,0.7897731247633532,0.5659556927483894,0.5092331758828577,0.7034640183539472,0.4096917643373138,0.5717117948565991,-0.037702312242522296,0.08543705325523343,0.047618992007434024,0.14523698971016286
JP-SMF,0,0.4967400275736543,0,0,0.40244903921446024,0,0.4967400275736543,0,0.40244903921446024,0
NL-Ca1,1.3427195554327263,0.7522872610483529,0.7223455014385592,1.0954957607684155,0.4960414620195762,0.8853593644945629,-0.02897417056501972,0.2960068522273389,0.026576456168546314,0.25025813956952214
NL-Hor,0.8184402949988274,0.3387755945424797,0.3122661782298107,0.4224762878474145,0.2504002312752745,0.60493625412858,-0.2780514901951375,-0.20918252219615735,-0.1250886077592152,-0.0652371602271184
NL-Loo,1.5337058451674106,0.6841057342237907,0.537281855905515,0.7736258778354945,0.4751102684772413,1.0651561000133798,-0.13231088955581904,-0.06072652678596313,-0.040608983994196046,0.01867644381989697
PE-QFR,0.6369712870845148,0.363131335239015,0,0,0.31807129531185346,0.557931146939099,-0.16053784754131073,-0.5350303235871263,-0.03826808412446464,-0.3582237275665716
PL-wet,1.732427904397169,0.8697726582621625,0.6908844114176284,1.141120502124106,0.526598523076265,1.0488878526193897,0.025089578452277106,0.2791587160574587,0.014709619846774102,0.1761299337233887
PT-Esp,3.1466480238993757,0.9348812004397027,0,0,0.5740010106374371,1.931987877164538,-4.5276395959459315e-4,-0.9468280199931449,-0.08087185567662347,-0.6582840845537881
PT-Mi1,8.059887188610324,0.6882322544936738,0,0,0.2687968008479397,3.1478790442444513,-0.2965888337355157,-0.9889630439953976,-0.47900269567317394,-0.7512140931737386
PT-Mi2,1.9940511224761417,0.6012301955602178,0.6331871719737867,1.0059578420291038,0.3784365818592695,1.2551297263760424,-0.2715294171158732,0.11702789994132967,-0.17765099502876808,0.07401309929318822
RU-Che,3.639963137272888,2.457602526800782,0,0,0.6666768411501636,0.9874172490451867,1.5094064839125592,-0.9582122859793869,0.16986577436104056,-0.4995932608426912
RU-Fy2,1.7212601364538895,0.62421422168826,0.7763248349046458,1.0105958583594465,0.4795121596717562,1.3222466530089787,-0.21906228790341076,0.14999777865706232,-0.08914852431555431,0.20452215570367016
RU-Fyo,1.651220610657415,0.702214149777319,0.5006196476120397,0.7865893348751336,0.44691961182707207,1.050908579085013,-0.13177814446383918,-0.06497971501245137,-0.06544859941552106,-0.014616727681320496
RU-Zot,3.28752049035232,0.8582605882944944,0.511621787050897,1.0057801325810825,0.4365813180379006,1.6723009868211935,-0.0812339393425604,0.055245080285130976,-0.18672846703151896,-0.11502555157941052
SD-Dem,3.9180513690945,1.5021135603686822,1.231453558089272,2.979355794970253,0.6208667966722743,1.619443474120599,0.548396046495859,2.0163303125906533,0.0048052283942809915,0.612075691087109
SE-Deg,0.9091164823898605,0.520317926177334,0.21416756463359277,0.3416138571207275,0.3262022917449146,0.5699513030377048,-0.13471365278130054,-0.32949296195040095,-0.03514365524092694,-0.1490968477046657
SE-Htm,1.2716255064699458,0.41265583785238424,0.3926555153870533,0.557894132197752,0.29043429808286686,0.8949919703498384,-0.35295164207077023,-0.22591313243909994,-0.1817450269792263,-0.0821624813570851
SE-Lnn,0,0.34361950449850387,0,0,0.24116701033299193,0,0.34361950449850387,0,0.24116701033299193,0
SE-Ros,0.9799269357783214,0.46241614795577707,0.2930051040779385,0.3758092875941464,0.3605293856000281,0.7640140978010641,-0.2190934598381598,-0.3225218048961624,-0.07206966163226236,-0.14198645005011507
SE-Svb,1.415585336561373,0.4155140690447722,0.35475786140520005,0.5385350527994041,0.27371826913001857,0.9325113082697164,-0.3802525558889334,-0.27540201434313827,-0.20876114314652444,-0.13042126581898206
UK-Gri,0.7632004035725886,0.3512374970884722,0.264391049888659,0.338689897811873,0.2741860658243423,0.595776128191714,-0.23971754872737616,-0.26617529891562686,-0.09766012588361289,-0.10944496373594115
UK-Ham,1.260111765080211,0.3060844023224215,0.24877819845660804,0.36185903056497687,0.21043312382324628,0.8663272387624996,-0.4568359010425719,-0.41924764924096675,-0.25358204794565087,-0.2178262957251506
UK-PL3,1.753230489208102,0.9093398226180389,0,0,0.541712672758996,1.0444359200470394,0.06208792278957831,-0.8644493844115886,0.03088331806230382,-0.5136891909330115
US-A32,1.1618159794355543,1.1163696933174923,0.9015857597954403,1.316413003520646,0.7645799726001176,0.7957052534124863,0.3782976158001161,0.560387447591882,0.32184960470631585,0.45639831989192337
US-A74,3.133423707129668,2.340359018106919,1.6825405085738274,2.6131130755393857,1.5069186593688253,2.0175599621470632,1.405439294979109,1.6666553471868468,0.8429116361607194,1.0151070697928648
US-ALQ,0.527483047107204,0.5185151291269577,0,0,0.4437725831999926,0.45144780018878194,0.06318330866229405,-0.46408994254929326,0.13537688026352113,-0.30995256602621724
US-AR1,2.0746471386779595,1.161479580658905,0.7105300258661615,1.2424266727158062,0.6642372822571899,1.1864676744952618,0.28164673553365716,0.3467854299238806,0.1218725246557334,0.1651432658289924
US-AR2,2.2054522677952426,1.0467894563255418,0.5175576249601089,0.9892833021215036,0.5476427871442942,1.1538137106278574,0.15672317649080458,0.08399800110139244,0.01213425750896402,-0.020939240530995495
US-ARM,1.7043976842147286,1.0300082345155122,0.8164169193454535,1.2832092058484474,0.6553227220401656,1.084389903333078,0.18889290848264162,0.4247086389266752,0.13515722611403902,0.2933416872404683
US-ARb,1.7523893340879368,0.9075035461203458,0.61483676151422,0.936505343913487,0.5957964308325913,1.1504828990940805,0.06035424414940649,0.07215523992724926,0.06099981336234939,0.07705535695168131
US-ARc,1.7451218234378663,0.9233958851857837,0.6844414758055881,1.0173645346577571,0.6212231907828145,1.1740469768745785,0.07713745711388453,0.15387675664134148,0.08144032922111788,0.14164918025034434
US-Aud,2.743459483012359,0.7718670185753831,0.5141264795123595,1.1303418287858258,0.3510772253187618,1.2478394851591366,-0.14860319786255993,0.1969269312062254,-0.2035960238351932,-0.04362680293833732
US-BRG,0,0.5538423104450552,0,0,0.48799183907647764,0,0.5538423104450552,0,0.48799183907647764,0
US-BZB,2.9691198385091857,0.9211679933612328,0.7647587321628876,1.4949279172285062,0.4712409599106351,1.5189095722739667,-0.00822545495235627,0.5534301469007272,-0.13013081447991692,0.16011834190018714
US-BZF,2.3861741645444403,1.088657024693283,0.7634316039784712,1.502925230368173,0.5529983539769467,1.2120900847235703,0.1865661423383278,0.5864151909813022,0.005405683042430498,0.2127918962767701
US-BZS,2.0601827180410472,0.9360327627967228,0.5952189231039529,1.154153188905521,0.4827300382804651,1.062475718663156,0.0574231793385237,0.25967003501346264,-0.032362559188096496,0.0772435166099894
US-BZo,2.207852596411107,1.0207465804033624,0.8060604088953462,1.4991921154452388,0.5488178582997054,1.1870810607320026,0.13050551417772627,0.5937428007868537,0.006326410979147212,0.2605463458773618
US-Bi1,3.89584751515947,2.447018692816941,1.70129795816521,3.387589897970793,1.228929129873517,1.956552481997323,1.4937061563493872,2.4249157852612675,0.5713765389959369,1.0403293925696853
US-Bi2,4.85358105153383,2.1059234013044845,1.5370731607406416,3.1418353646689026,1.0302762439819595,2.374506714032797,1.1392170357949256,2.1676974222486765,0.3334424379183518,0.8367833144689243
US-Bkg,2.065499710843212,1.4355550994163246,1.017142479468789,1.5861251074494713,0.9205856879615031,1.3245534588425016,0.556493589739419,0.6912139773670087,0.35150673311299374,0.4449197448790636
US-Blo,1.220217535078504,0.484616214985291,0.47778675593054726,0.6067649721594701,0.38160279490937493,0.9608395414452205,-0.26864256157634,-0.16461231564955114,-0.10837727066982922,-0.014936563479726328
US-Bo1,1.6136220248316648,0.7518483664317437,0.5661684728507146,0.8137890017339114,0.5230751958197993,1.1226275061603006,-0.07680901236204507,-0.03257072553895102,-0.005673942852448488,0.03446508471492704
US-CF1,49.657624969212684,29.330396213273684,0,0,1.3163306652464237,2.228604551911895,28.331293505163064,-0.9994843268114479,0.631987632574506,-0.6877925872164372
US-CF2,42.75139197033648,22.799381230228928,0,0,1.245836127465407,2.336082197944146,21.800514009834128,-0.999336271077496,0.5521802091992949,-0.697110887561295
US-CF3,28.03525483606924,21.59755741292073,0,0,1.3244463394190247,1.7192310191567173,20.59974171136313,-0.9986484233000361,0.6949541710586129,-0.6328466158244557
US-CF4,27.781082894449018,21.230024297465828,0,0,1.6094413192276171,2.1060749661295004,20.232239773299863,-0.9986275168945866,0.9365482134158882,-0.6763314909372231
US-CRT,1.9951160961357166,0.8419315731111028,0.7266951531146388,1.0379132921824499,0.5894785219943702,1.3968808453297699,-0.03092572274298977,0.14889042315132617,0.007723708452742728,0.14174444827154709
US-CS1,0.3565001947564533,0.9017142685471022,0,0,0.6625972899569449,0.2619633193731701,0.5726366090498638,-0.3336080934309724,0.4586904951820766,-0.20477928127815614
US-CS2,0.9573704061783254,0.6415352901356891,0.2441625323753497,0.3246844861407687,0.4824341406314465,0.7199419521768334,-0.03183919773828181,-0.3652942778520025,0.06456986117960262,-0.17599876672080902
US-CS3,0.40569924639746896,0.3456919819827222,0,0,0.2707403888243102,0.3177371111860794,-0.022149996761643198,-0.3735544182115531,0.0331472737845232,-0.23867807990241952
US-CS4,0.3581534054839634,0.34385071784340737,0,0,0.2596926938674825,0.2704947753818584,0.013439279271737048,-0.3349805351992672,0.05045638760397575,-0.21014169497307256
US-Cop,8.397002348817923,1.4864941329554437,0.5280156733581647,2.5647866571005875,0.3060263115384132,1.7287008403316484,0.5007373828567225,1.5750883201798165,-0.3246857488128938,-0.10605403076655495
US-DFC,0.8214384640532175,0.675395698966655,0.7624204209104274,0.9195871953018235,0.559963726896218,0.68104630285757,0.057222687755587476,0.28653600143977753,0.15576704451600654,0.3560167322008828
US-EDN,6.6157721465115795,3.607025586024891,0,0,1.56332918190152,2.8673568874932394,2.6276448820634553,-0.9846174166588444,0.8315723730017637,-0.7351969426895715
US-EML,1.2103256082483338,0.43901618188735175,0,0,0.3483432501191903,0.9603490109799464,-0.3117598816820328,-0.7688723347234436,-0.14150888999491218,-0.4925946581198559
US-FPe,1.7589484630361618,0.7835181562647522,0.46387822630784015,0.8400013969509337,0.43268620019844173,0.9713530193662011,-0.06442837623634334,-0.025119997691505747,-0.060019431792462274,-0.031586279963671804
US-Fcr,1.9711985039808066,0.9452283399391566,0.5915275551144137,0.9541961407492328,0.5859682145748761,1.2219900939752295,0.07459349129206094,0.06728914750688553,0.03639022894403854,0.03889317392904923
US-Fmf,2.7169761312886225,0.844096509893763,0.9417818922485443,1.2838064995584708,0.6192169992919824,1.993134419399773,-0.07520815658541191,0.35145375024001035,-0.04223948236804709,0.2769029478056614
US-Fuf,2.4014996409137335,0.7382820316278094,0.7851137137405297,1.0535095531991896,0.5501946763359056,1.7896850540166325,-0.16473157677721395,0.13614327164399675,-0.0881610253657803,0.1433813915018769
US-GLE,1.0222277784031966,0.4175801515903717,0.43756397977023337,0.5472134046912536,0.3339063543336128,0.8173960124426319,-0.2784712017310437,-0.16601753872770209,-0.11554589141905935,-0.014387627428084915
US-Goo,1.003440103770337,0.4435614488471636,0.4514421581515739,0.5719173219895389,0.3501246247338967,0.7920640774545487,-0.24614366766044643,-0.1348160867809568,-0.09146068797124474,0.007407022222473969
US-HB1,0,0.6935686681328664,0,0,0.5289813236153774,0,0.6935686681328664,0,0.5289813236153774,0
US-HWB,1.3580544551415086,0.5438324702883157,0,0,0.41411029900125707,1.0341132006709497,-0.2406048858511518,-0.8026594317958955,-0.09424323104154864,-0.5111998847371697
US-Ha1,1.7927596483373094,0.7265631967462278,0,0,0.4660045608263823,1.1498437800483385,-0.1253929809106118,-0.8689948787972868,-0.06865518390572767,-0.5376438484100294
US-Hn2,15.163038537357632,4.6686171549811135,1.2486488516325516,6.324842960903903,0.9216771839732903,2.993483122658576,3.6743006366088675,5.328650627640211,0.1824198013420283,0.5059617671859236
US-Hn3,31.786281279853867,8.938376550068226,0.569891226523454,12.290298354357505,0.4144653147041647,1.4739042375462659,7.940173129726434,11.291392125059422,-0.17991373839345515,-0.02773166707993402
US-Ho1,1.5132511022730315,0.44981692204395957,0.18402976085670497,0.25615678952223175,0.32316028299482014,1.0871593096824075,-0.36325426302298097,-0.5749012990575894,-0.19763819969687302,-0.3396817861315742
US-Ho2,1.3754004471388819,0.5013878671164862,0,0,0.3577646978679034,0.9814153027833438,-0.28656095920872904,-0.8061603846634702,-0.13752076754036807,-0.4980590233811508
US-ICh,0.6188037085085583,0.6171632671277596,0.5046464943902426,0.7738262842376097,0.40247958174398185,0.4035493864390864,0.10417154758135427,0.24988507720640996,0.11796622004216778,0.21873809099898456
US-ICs,0.8313273650361833,0.6414675133614465,0.33933743437853087,0.6686435813968858,0.3255455466520732,0.4218996533111066,0.018896628090531387,0.031043890346000858,0.03169917791338578,0.04403300491000767
US-ICt,1.4062906624053237,0.581241196171283,0.4146499163019173,0.7487140501496938,0.3219007487510916,0.7788264496251269,-0.21275552618760496,-0.06346460724654213,-0.11548046009351004,-0.025154394008046976
US-Jo1,5.148408231277447,1.2912451588685352,0.9117835577045607,1.9044248179997656,0.6182108601475328,2.4649090524665556,0.32164179785699165,0.9278552391565846,-0.08580770264227489,0.20430802753675315
US-Jo2,5.603623846359757,0.9829133377123175,0.6078422344317574,1.441915509637203,0.41434899302675243,2.362218324805591,0.009578640381080805,0.46224364786831584,-0.28147681987903794,-0.09143932243263142
US-KFS,1.879526753212556,0.9480254589109672,0.8923782724348605,1.418865757147438,0.5962490228448899,1.1821053743653325,0.08649710529219268,0.5406634706585893,0.05478746595589501,0.34789909458509005
US-KLS,3.228557894153052,1.6730639075114282,1.0789598043726896,2.1513057726320803,0.839103733795568,1.6192417824544323,0.735256543458878,1.2022712822831125,0.22307042468746907,0.4596102824097541
US-KS2,1.7540718086961233,0.7914652601914186,0.6820971831950624,0.9166334755212071,0.5889553883752129,1.3052626505410811,-0.05588915146931195,0.052084900069312434,0.023401975146193466,0.11341515827082937
US-Los,1.1862835493053023,0.42657082164259863,0.43670488699586746,0.617876198511452,0.3014933459323287,0.8384459938617085,-0.3180208245493986,-0.14474814126418556,-0.1543235358261682,-0.021650963645868992
US-MMS,1.8736224345625525,0.9078807761264901,0.6956719399761402,1.1442216211567646,0.5519797643366051,1.1391381964249505,0.04697293968758076,0.26661445787927374,0.019625745250207993,0.16034538413589794
US-MOz,1.646775668481552,0.6498942510273373,0.7088734698169447,0.9884944443356777,0.46605501465356625,1.1809429874046111,-0.18348063811699156,0.13752749601985526,-0.07516521945525767,0.16463678819817218
US-Me1,3.1124428380461104,3.223406530449753,1.164438553427124,3.8938215602100774,0.9639524511806211,0.9307690092926322,2.28915287753577,2.947959681615886,0.4819419754777833,0.6797311110066202
US-Me2,3.0754486388431537,1.0467390803486585,0.7847331890897541,1.356512885326922,0.6055312157753059,1.7791254652619806,0.11368703155231508,0.4117273136284063,-0.0315266699380119,0.14430177583594206
US-Me3,3.278206652720473,0.9614987067650483,0,0,0.49168028897533794,1.6763720876478974,0.02226572519254233,-0.9503026779218935,-0.13217502071999215,-0.6271944002084688
US-Me4,2.5535584184340028,0.11266137152503089,0.12566269495649232,0.1955068686077305,0.072413474084819,1.6413082306232945,-0.798803241167124,-0.7296654739722191,-0.5466841153746373,-0.4967602836115421
US-Me6,3.553262026976929,0.9108289519918217,0.055906450013336065,0.1040603315168369,0.48934317749113676,1.9089912841891086,-0.035423761638738616,-0.852446750403524,-0.16297726324426343,-0.5998204518988258
US-Mpj,4.6926645646456615,1.0438335727027395,0,0,0.4961832395563236,2.2306443926766972,0.0789041398070418,-0.9726372312748568,-0.18834263723493316,-0.6879755698040451
US-Myb,6.07609488408213,4.072123029027691,0,0,1.6817034457906828,2.5093027962742753,3.0956482301293526,-0.9822539740517877,0.9742987701645416,-0.7108613490177698
US-NC1,1.402835605544923,0.636262305911858,0.5145230011755898,0.6127806582720665,0.5342394325822891,1.1778948571194685,-0.15707070818951285,-0.19873826714603582,-0.006346667524041227,-0.02907645734303166
US-NC4,1.5673689628710106,1.0253507084731606,0.9475293172223871,1.162047652178651,0.8360671396664039,1.2780268007429434,0.20362157217771681,0.3224749291723412,0.2756006893857499,0.38395664018935705
US-NGB,1.4243451175124457,0.5511862072866722,0.5564472563660594,0.6603294538182337,0.46447428782407246,1.2002689387475987,-0.24622791615705775,-0.15524324095039443,-0.08072267380752546,0.00821466043590946
US-NGB,1.4243451175124457,0.5511862072866722,0.5564472563660594,0.6603294538182337,0.46447428782407246,1.2002689387475987,-0.24622791615705775,-0.15524324095039443,-0.08072267380752546,0.00821466043590946
US-NGB,1.4243451175124457,0.5511862072866722,0.5564472563660594,0.6603294538182337,0.46447428782407246,1.2002689387475987,-0.24622791615705775,-0.15524324095039443,-0.08072267380752546,0.00821466043590946
US-NGB,1.4243451175124457,0.5511862072866722,0.5564472563660594,0.6603294538182337,0.46447428782407246,1.2002689387475987,-0.24622791615705775,-0.15524324095039443,-0.08072267380752546,0.00821466043590946
US-NGC,0.43166686665179776,0.41587610926725227,0.4409226536771891,0.5213206243918642,0.35173977226196845,0.3650952819498663,0.028359746983522838,0.127448432126958,0.0875620585303028,0.17548588031397871
US-NR1,2.4213342566736014,0.9273345409012885,0.7519611820391909,1.1714405849240381,0.5952667053678364,1.5542823026558645,0.02314712902012972,0.2529861692547115,-0.011415382065287139,0.14199254671131611
US-Ne1,3.477114449010595,1.6244923559019404,0,0,0.887506733516962,1.8996472808840368,0.6800460352425182,-0.9549170812650023,0.2362357402776767,-0.6546754349293145
US-Ne2,3.316912600258184,1.5025010317178866,1.0064363477407028,1.814854948019431,0.83321901427386,1.839409483838938,0.5621929724617325,0.8635976819194733,0.18889065457724907,0.35871782664553375
US-Ne3,3.8574210434192446,1.6835334172413332,1.001536630473178,1.9954992970773893,0.844961653688565,1.9360309872324717,0.7309355109901352,1.0334458745123716,0.18964444275265302,0.34280739567499086
US-OWC,0.040388131131031256,1.6186578667387828,0,0,1.0535849109503512,0.026288647165983052,1.578376771816755,-0.04032082812272342,1.028459423245754,-0.02516369898209536
US-PFa,0,1.127447252172177,0,0,0.5506294676544501,0,1.127447252172177,0,0.5506294676544501,0
US-Prr,2.3460400709041545,0.7980804810259237,0.6415741200804372,1.2486318544933115,0.41007105539154887,1.2054462560340218,-0.1015266338235965,0.3344303375220783,-0.13617855043891536,0.09228385524700466
US-Rms,2.59974391883823,1.131884435669239,0.8477310535277833,1.586651386772421,0.6047538817417702,1.3890156776671267,0.21808423799643362,0.6593335823478772,0.02433750452618677,0.26412410393200547
US-Ro1,1.3506709937854673,0.6682271628602473,0.6494451951664637,0.9157115671359918,0.47392316071383206,0.9579291325413757,-0.11468954661295638,0.11456971402818328,-0.015296903567473319,0.1574862520593987
US-Ro4,1.1489345592793951,0.45160689029014545,0.4592606303841413,0.6233754872315441,0.33271321918924945,0.8464567837085779,-0.28293824742204665,-0.12907525794157892,-0.12548581960022998,-0.0014920875562663416
US-Ro5,1.1058087666172864,0.45700581332967904,0.5607202132616461,0.7565581370203923,0.3387081369863353,0.8195660017434058,-0.2652354374274044,0.016604404202282264,-0.11140735739442087,0.1081012098217703
US-Ro6,1.214706145501808,0.6104051051920617,0.7148975489593508,0.9804514301544778,0.4450777469979568,0.8857047064414821,-0.14147477936243502,0.21046515024777968,-0.02448507648971504,0.2427117798706322
US-Rwe,0,1.1596149447045285,0.7173157336312042,1.3260373551653042,0.6272900544998172,0,1.1596149447045285,1.3260373551653042,0.6272900544998172,0.7173157336312042
US-Rwf,2.461097601740412,1.2975434420511056,1.0641920317602958,2.001769973588986,0.6898072256613508,1.308382327496278,0.39106998887285416,1.0811999275003377,0.12367937193566925,0.4949330754082495
US-Rws,1.925438117510853,0.6660092849457742,0.4969081711599959,0.9456020999818997,0.34998384179171776,1.0118060584598716,-0.20020055582792406,0.062917983872393,-0.15292691869088332,-0.008818953380070382
US-SP1,33.61724093699864,9.474515177251218,1.5035342926779693,12.423015161478272,1.1466828535851186,4.068631802907707,8.476161808492945,11.424010412365217,0.35893270659578147,0.71248934236563
US-SP2,1.7554025942283622,0.8835446569013723,0.65300797134517,0.892516951521333,0.6464434126573995,1.284336263862785,0.03602830995689499,0.027811699072893714,0.08478690692792035,0.08823994990433848
US-SP3,1.7649280976597326,0.949159518457473,0.7415235773858591,1.031847593455554,0.6821008898023286,1.2683421515988025,0.10049176009063299,0.1660287611422726,0.12347495283023413,0.1797996554637531
US-SRC,4.6722376729893185,0.7316144491947028,0.48718871974058164,1.1467979709874658,0.3108082817237333,1.9848844764412816,-0.23307835349752049,0.17436109290048574,-0.34977669313624127,-0.17681731522131583
US-SRG,3.749180449007946,1.0153234257526065,0.6273070922482918,1.3130670807435552,0.48506248861236495,1.7911403920426578,0.06483716878235857,0.3528525338101858,-0.153471256111346,-0.014603693167628218
US-SRM,4.884288518781006,0.9608740937761817,0.5451963992165758,1.2055176008992874,0.43455615715313806,2.2089237943832676,-0.006154667405505743,0.23110811288050237,-0.248010137184212,-0.14081803801668635
US-Seg,5.239976076078864,0.9850035908857239,0,0,0.4993487782359799,2.6564122971601525,0.01458353944197699,-0.9772515445967782,-0.2186626441850269,-0.7214640611313063
US-Ses,5.879067266472458,1.023471511009496,0,0,0.49971794723177015,2.8705004432818573,0.048228563358831744,-0.9812443353416569,-0.2322319497392435,-0.7353897947328254
US-Sne,5.057543542168184,3.328180123406296,1.478333550681836,3.0668767764816773,1.6042901941395737,2.437899155178578,2.359424269543869,2.091016571828104,0.9023766909569335,0.7729631349345147
US-Snf,3.1223235211992724,2.963426564537638,1.8253496767220112,4.137001839303675,1.3075386310388175,1.37764798069365,2.0288578680375875,3.1908580620602702,0.729073564523844,1.2437018711068681
US-Syv,1.6003071001583604,0.5173063370833313,0.6801033694757366,1.0018500625621216,0.35117209256021725,1.0863644088919338,-0.3093990565386353,0.15740006751128766,-0.16944488822066878,0.15657427796926782
US-Ton,2.9373976673574775,0.6767840358587267,0.5967601818989642,1.016699998540185,0.3972437935726087,1.7241290142605987,-0.2514551054876102,0.07624280904233927,-0.23288046392327671,-0.03672018493121321
US-Tw1,4.919572247102818,2.310567451573131,0,0,1.2019139203465432,2.5590693584459734,1.343174501725692,-0.9747159577730677,0.49081843220375365,-0.7145512979425521
US-Tw2,2.8260259818666666,1.9445939475760357,1.2487590473418169,2.7226082890741057,0.8919128378425419,1.2961928923235515,1.0206583059492584,1.7860439156870402,0.3280390163786403,0.6817639405172016
US-Tw3,4.867695509801078,3.8958076023742465,2.0355556837978415,5.177597687922483,1.5316240824376823,1.9137186508495603,2.9289524133679046,4.203334366808061,0.8787754350233419,1.3792995727416053
US-Tw4,6.100386787445669,2.8344223427911768,1.3828473822281409,2.7590317114191283,1.4206337319847882,3.057559601320897,1.8578026267107157,1.7766592542040236,0.6777500337987463,0.6365399691421298
US-Tw5,3.258611724557447,2.2870847215600305,0,0,1.3107416464277943,1.867529460824669,1.3484080087131463,-0.9498081534721732,0.6631335841316093,-0.6510051677184543
US-Twt,4.09049718909027,2.95411806814406,2.0025528135195105,4.1172723794596955,1.436819550327401,1.9895299362684673,1.9974407829783432,3.1516873041445717,0.7757432089300911,1.338054617924687
US-UM3,0,0.9179634949463825,0,0,0.6582677165798402,0,0.9179634949463825,0,0.6582677165798402,0
US-UMB,4.052318482322487,1.4801730112425298,0,0,0.7200208756551134,1.9712249040576224,0.5241239314131083,-0.9650430618459325,0.06089020091460262,-0.6625493355257497
US-UMd,1.3479803071275138,0.45592745770442084,0,0,0.3369601755829671,0.9962455063773289,-0.32643118337542204,-0.8005846880451324,-0.1620771732414853,-0.5018320814560795
US-Var,2.2359272327191544,0.5358533111255667,0.45134624545876006,0.7579075029505172,0.3191093624903193,1.331531034694973,-0.35639985554177256,-0.14942813361544027,-0.25122935131663915,-0.12214159816351383
US-WCr,1.5875188405489504,0.46961655186688345,0.4976938769691214,0.7084912774170546,0.32989154536890214,1.1151843808081758,-0.3551821057516321,-0.13409137931068438,-0.19721277360066175,-0.03235626633910116
US-Whs,5.045788761978872,0.8942693933798871,0.44116679313538043,1.0469267312251014,0.37683817664571595,2.126256194027906,-0.07437400192833565,0.07116078190540298,-0.2980062224085077,-0.23711823788011044
US-Wjs,4.571855218135795,1.1081256888037563,0,0,0.5086515634975571,2.098571785028863,0.1446345649680223,-0.9714176341628464,-0.16350919405712527,-0.6755982635732094
US-Wkg,4.440648222060139,0.9431891810800175,0.5431210201319717,1.2481393580222797,0.4104236172932815,1.9323238041576745,-0.018627557270531003,0.2781467779151987,-0.24448621772773527,-0.115200100410768
US-xAE,0.9943176310680261,0.2843296140937466,0.39373767922364117,0.4470147589475321,0.25044202712994856,0.8758107168309964,-0.40222973516871474,-0.2564949829327275,-0.2163032949896826,-0.07561355902241312
US-xBR,1.0314689653356799,0.40171138000892553,0.47499797415704775,0.5969578060738193,0.3196408351790209,0.8207375193946752,-0.29739731719643553,-0.11940047504648976,-0.13083204086549777,0.02201935608841915
US-xCL,2.594624318245291,1.490708900552514,1.706798926307805,2.2543563284373587,1.1286327360076955,1.9644197080515953,0.5771627106513946,1.3272715970784024,0.470231921018996,1.0449806821867618
US-xCP,2.3996681768754593,0.742737053620434,0.760215264025799,1.117549968238356,0.5052481422462652,1.6323783530980314,-0.16016701505585818,0.20028529441703347,-0.11261603358949446,0.13902935979681563
US-xDC,2.1875101751914996,1.3314920565454884,1.629720469776433,2.3130321802647793,0.938145123276452,1.5412799444691336,0.4427463398670166,1.408986835742069,0.33339653957994175,1.0216917777284242
US-xDL,1.3524761260609135,0.5881439049235998,0.6885368526121651,0.7841916906264682,0.5164027597074051,1.1875025790277662,-0.19514602716627338,-0.017322714446108,-0.02617570444187478,0.14293535173474847
US-xDS,1.4476029998172162,0.37562102463179126,0.45506870843901853,0.5210598411749651,0.32804941205271815,1.264267125199669,-0.42607276563060825,-0.29875630986350654,-0.22979702952734155,-0.10587220495900246
US-xGR,0.948507595121846,0.49969898820498865,0.7196140625019889,0.8275296287975996,0.4345347966003466,0.8248156683300657,-0.17040392926634046,0.14091294554450784,-0.017178406005387614,0.2653873786350456
US-xHA,0.9097576234849766,0.37094776325122386,0.5140188568164111,0.57503590191532306,0.33158650541627666,0.8132232649234202,-0.2843362146684379,-0.09633093538026993,-0.11658568616013454,0.06335532155506207
US-xHE,1.450190494587586,1.0162096702591983,1.0774905573391074,1.58287730319171,0.6917505998557858,0.9871684691607483,0.2140480879229123,0.7625977951694387,0.19500257440532853,0.5779606939960817
US-xJE,1.3944700700724508,0.5797833312345947,0.7635459840644013,0.8764178499602931,0.505114351803437,1.2148794344502034,-0.21192952725437764,0.06651013105394077,-0.04303961441184845,0.21234232678090692
US-xKA,1.409421822478708,0.6483289503244019,0.8968650250519061,1.0856685464389089,0.5355811054689056,1.1643158883733942,-0.14626653952033464,0.27289486445583977,-0.0021567341880236457,0.35612780075723904
US-xKZ,2.026197879861637,0.9829919327412361,1.2995043732789573,1.6810405072247427,0.7598878849172143,1.5663233543108956,0.10733466051286034,0.7893568472051291,0.15143401609621077,0.6877581466471994
US-xMB,5.931748147881281,1.5694516687932254,1.214556679553134,2.7504272573895276,0.6930515986006541,2.619390974649513,0.5938691780892802,1.7689041902103346,-0.022375323110932377,0.4956756946784704
US-xML,0.6668137969433523,0.2597139826804485,0.3093108499749078,0.33924398788948523,0.23679816179801452,0.6079775903787996,-0.28093792166715054,-0.2134229957648282,-0.13989083130703225,-0.06940076314147697
US-xNG,6.8955981261195,2.756294496615282,1.9803597959985577,4.452141873886596,1.2260289455385005,3.067234981532371,1.7756310663070947,3.4664899613315088,0.4826079079219603,1.2335159837142622
US-xNQ,4.420150737386593,0.7825819422227767,0.7956796848239684,1.408736783103392,0.44201625215251233,2.496580048013178,-0.17896190378361165,0.4389769834699313,-0.26442721248655016,0.08577941515721754
US-xRM,4.70494015930012,1.8465077461157777,1.688416774626074,2.7326771232615283,1.1408865783959976,2.90700274136043,0.8814373527661121,1.7599205975740273,0.40671812645078087,0.950811259363209
US-xSB,1.2242517060690594,0.549636678014079,0.6356844508973747,0.7173270019694237,0.4870797961002032,1.084913535104673,-0.20462447727713295,-0.055061098735856295,-0.03320552107064251,0.11248876700436794
US-xSE,0.8833940467417494,0.5146442079905522,0.7484663340220132,0.8417039482845295,0.4576358046857352,0.78553831784826,-0.13006167748568198,0.1812419129139896,0.018114868114086413,0.30650867472404864
US-xSR,4.285074726913769,0.8807365109079539,0.8531159333049302,1.4596936948492634,0.5147452189115319,2.5044059160027508,-0.07892659155191684,0.49154207661861204,-0.1922903600376561,0.14262362588188504
US-xST,1.0282339744795348,0.6332233534962436,0.7609694110045624,0.9174190182767282,0.5252382965087192,0.8528868339838079,-0.0648198392671896,0.20215041622877117,0.06514281157707491,0.29830858184312214
US-xTA,0.8820744312024872,0.5827431888147512,0.7845379513296222,0.8845078915204986,0.5168796704776724,0.7823795285604904,-0.06142233626895832,0.22460329705341542,0.078363656287320893,0.34359160629186425
US-xTR,1.3957680300585822,0.6914421073188329,0.8379478703843606,1.0129046334162735,0.5720108509798648,1.154680124616925,-0.1005233550571597,0.20274563552349023,0.036317524717305205,0.299265288695735
US-xUK,1.2865269880016492,0.7419342549828375,0.963254995868426,1.135667479179971,0.6292967711236906,1.0912116189212113,-0.027086189310783104,0.34843377570726464,0.10757530651653335,0.4386156269278607
US-xUN,1.5556435593962432,0.5925562965128697,0.7177277273247383,0.8737854262570952,0.486725998429517,1.2778062930112482,-0.22734905645876946,0.036003290352864425,-0.07369873273788274,0.15419695539018063
US-xYE,2.1559228671602613,0.6683230976054058,0.7353651277349654,1.0022353525832335,0.49036536056336344,1.5818544920708886,-0.21803599039482147,0.10043443757093273,-0.12034762452184078,0.12135250423740407
ZA-Kru,2.542512888312915,0.6336496317300053,0.5060880986948166,0.8081701375317507,0.39680077556479926,1.5921591924730052,-0.27724138957362454,-0.1164744990389932,-0.2153950578911868,-0.10941207381681695
ZM-Mon,2.9594053409113807,1.0395891026728556,0.8873358668947409,1.4240268185122977,0.6477860428206379,1.8440569162973586,0.11054594674742613,0.4828446658290335,0.002910860869240528,0.23906934135307822
