sitename,canopy_height,igbp_land_use,whc,product,mat,p_over_pet,cti,cond_mean_ann,aet,aet_cond,prec,prec_cond,pet_over_prec,pet_over_prec_cond,aet_corr,aet_over_prec,aet_over_prec_cond
AR-SLu,4.5,MF,172.03424072265625,plumber,21.666548133124437,0.24671177056566407,7.588640689849853,397.5573440790176,356.5304663374613,665.3461981967043,351.7000007079332,749.2573447869509,5.000025160287807,2.3470024880609377,267.78885411768675,0.761412719871076,0.35740571110962116
AR-TF1,1.8565277797645992,WET,159.9023406982422,ameriflux,7.175663436937179,2.2078710543178626,4.1035685539245605,344.5018035173416,250.3443291986229,NA,811.4126673691317,1155.9144708864733,NA,NA,NA,NA,NA
AT-Neu,1,GRA,239.9513397216797,plumber,8.564706393905437,1.0479538121859018,11.392807960510254,348.1183804652908,456.5044892676739,994.648390783236,668.5546402735988,1016.6730207388896,1.1547110566758885,0.759327157668487,646.5300103179452,0.9670563501785878,0.6359271832039619
AU-ASM,6.5,SAV,149.10943603515625,plumber,25.484468085146503,0.21685505385045128,7.487943172454834,404.7295150245939,305.4455926995218,796.1295050711528,362.42053564679475,767.1500506713887,5.806069859874652,2.7429300783815496,391.39999004655886,1.0799608508608538,0.5102000445727877
AU-Cow,22,EBF,822.7951863606771,plumber,24.830324072094392,3.972014637508069,3.7225048542022705,401.7610911726952,1177.3897600507175,1756.673070968183,4059.67281398116,4461.433905153855,0.36463617688501215,0.3317999561943662,1354.911979795488,0.33374905857666387,0.30369428497647166
AU-Cpr,4,SAV,141.81759643554688,plumber,20.71200956676386,0.1879807845459581,6.335378646850586,392.06508210727145,290.32847886995535,644.2567698407158,282.8857151144932,674.9507972217647,5.516634523445113,2.3121346157582545,252.19168773344444,0.8914967220291562,0.3736445512347225
AU-Ctr,25,EBF,943.68280029296875,plumber,24.729997253429623,3.8339314013564816,6.208099365234375,401.4958075731993,1356.5598606833328,NA,4230.124042869328,4631.619850442527,0.3843435918087546,0.35102644883034373,NA,NA,NA
AU-Cum,23,EBF,179.55108642578125,plumber,20.29878565646468,0.6585923554871822,4.947836399078369,395.5773022274177,796.2163062917007,1490.135767477121,828.7000036558311,1224.2773058832488,2.4294204738001457,1.6444483172603406,1094.5584652497032,1.3208138776650546,0.8940445599945508
AU-DaP,0.30000001192092896,GRA,597.201416015625,plumber,28.68106660780456,0.7730160103050042,5.7205095291137695,402.4561997652054,774.3643955483401,1270.8817489848286,1367.6385034321358,1770.0947031973412,1.492011644631428,1.152781582296817,868.4255492196232,0.6349817930983074,0.49060965362529857
AU-DaS,16.399999618530273,SAV,732.69219970703125,plumber,28.232389159163887,0.8141579924960851,5.971405982971191,402.765816450119,989.2856443770532,1499.04377771292,1356.2919938103732,1759.0578102604923,1.6878897089296527,1.3014190240383285,1096.277961262801,0.8082905202314971,0.623218836168015
AU-Dry,12.300000190734863,SAV,672.0255126953125,plumber,28.526456097076615,0.5528027757372732,6.410485744476318,403.0035420417786,829.3007324187262,1433.872501444288,977.912000688084,1380.9155427298626,2.2788057810039866,1.6137638048999192,1030.8689594025095,1.0541530921771731,0.7465112293287948
AU-Emr,2,GRA,130.61582946777344,plumber,24.1386404701004,0.4157905478766846,5.533915042877197,400.8846258223057,408.5966356258815,1064.064860666265,627.0500016475125,1027.9346274698182,3.188167648870696,1.9448129054642767,663.1802348439594,1.0576193813914652,0.6451579868228843
AU-GWW,18,SAV,144.88778686523438,plumber,20.939712269277457,0.19247785274394896,10.991066932678224,398.2017516136169,262.89354233222866,728.6168852730723,303.92000046878826,702.1217520824052,6.043689734339505,2.616067913358274,330.41513365945536,1.0871779848308736,0.4705952104168336
AU-Gin,7,WSA,439.7334899902344,plumber,20.979032071364404,0.4304866400038171,6.465897560119629,394.7250570456187,591.7857789946096,1140.4968564106223,626.0268008782077,1020.7518579238265,3.4658038789216223,2.1255764542086184,745.7717993650035,1.1912777509186734,0.7306102786644711
AU-How,16,WSA,558.27484130859375,plumber,28.609480236152645,1.013849440541453,5.722897529602051,402.0751044988632,1209.3907818271418,1890.8153472300146,1649.0483670427238,2051.123471541587,1.4874686446117584,1.195884973994624,1488.7402427311515,0.9027874939780836,0.7258169795172016
AU-Lit,20,WSA,543.70849609375,plumber,28.02808827962722,1.017242860359615,6.415281772613525,404.1336712241173,1309.9553977921305,1881.2408355737089,1563.1999967190498,1967.333667943167,1.428321728446888,1.1349129827866207,1477.1071643495916,0.9449252606511287,0.7508167975867034
AU-Otw,0.10000000149011612,GRA,359.4934997558594,plumber,14.075084576590957,0.35278287264874947,4.628756999969482,374.9653621315956,671.9298601654871,1187.8177441962791,391.8000016841688,766.7653638157644,3.57755315564678,1.828049881429443,812.8523820646835,2.074661507326706,1.0601057643234817
AU-Rig,0.4000000059604645,GRA,196.72129821777344,plumber,17.41543574265483,0.41614845725633853,7.1258039474487305,383.7734890778859,467.3066485377563,994.0638709014843,488.4916679813614,872.2651570592473,3.1613059049811367,1.7704153169775994,610.2903818235983,1.2493363179469505,0.6996615385637206
AU-Rob,44,EBF,851.1192626953125,plumber,21.13985399136267,5.9452466381574105,7.052748203277588,404.8550565838814,1172.0505508595893,2050.136499605029,7894.795003512263,8299.650060096144,0.3099374508299123,0.29481877193566575,1645.2814430211472,0.20840078080421198,0.19823503775556628
AU-Sam,0.5,GRA,511.2165222167969,plumber,22.113913648550714,0.9594958129242628,4.208469390869141,399.60665758166994,654.1550115167804,1287.4684660813718,1253.593987222666,1653.200644804336,1.535507061359508,1.1643489406490317,887.8618084997019,0.7082530847700994,0.5370562921627607
AU-Stp,0.5,GRA,324.3975830078125,plumber,28.17377989617602,0.41999721016446967,6.811386585235596,403.5786181986332,575.7809297623801,953.6204272584181,732.0000003046516,1135.5786185032848,2.643286900842103,1.703876755597881,550.0418090597849,0.7514232361077358,0.48437140335096385
AU-TTE,4.849999904632568,GRA,174.94302368164062,plumber,26.20116742256336,0.2327728971292625,6.794765949249268,404.4996919512749,319.0401044883605,742.5000954278856,387.0399994807668,791.5396914320418,4.83788711599644,2.3655867761674103,338.00040347661076,0.8732957935356939,0.4270163671326519
AU-Tum,40,EBF,504.646728515625,plumber,10.503214430760584,0.4882616775048496,4.934945106506348,371.5609466806054,909.5903389261124,1563.639924441013,507.32137053583983,878.8823172164452,3.2228365583295586,1.8603330932440418,1192.0789777604075,2.349751157735219,1.3563579041343146
AU-Whr,28,EBF,196.9843292236328,plumber,16.71229022120771,0.34400563393211664,5.1105756759643555,382.03474670648575,508.9908885375115,1090.4742177799603,409.3050008408682,791.3397475473539,4.22390893866816,2.184734252325505,708.4394710734745,1.7308351220192038,0.8952406008534044
AU-Wrr,90,EBF,259.1888122558594,plumber,11.804799539010418,1.692627978959026,3.2755649089813232,364.9216857552528,585.1622399138512,1283.7800422212501,1339.7742928253138,1704.6959785805666,1.1000009991599016,0.8645254516196677,918.8583564659974,0.685830711476267,0.5390159700095584
AU-Ync,0.5,GRA,238.2706298828125,plumber,25.484468085146503,0.21685505385045128,8.338541030883789,400.8262258682932,305.4455926995218,792.226215914852,362.42053564679475,763.2467615150879,5.806069859874652,2.756957585304979,391.39999004655886,1.0799608508608538,0.5128092378271056
BE-Bra,21,MF,262.9107971191406,icos_warmwinter2020,11.45397235320968,1.2964461402464649,5.210631847381592,356.32627695798874,325.24199697137027,747.0301154200315,802.2541177461821,1158.5803947041709,1.2905263248757557,0.8936195217214777,390.7038384620428,0.48700758253465765,0.3372263506684007
BE-Dor,0.4707806229810339,GRA,195.8311767578125,icos_warmwinter2020,11.364062915018186,1.0414413842658847,6.830763816833496,358.7027087688446,275.92158845504895,NA,618.9382029345552,977.6409117033998,1.5203367899415603,0.9625154894368844,NA,NA,NA
BE-Lcr,19.4375,DBF,192.59117126464844,icos_warmwinter2020,12.53507939467009,1.213449911180734,5.908210277557373,362.5213344693184,428.5532329777626,NA,761.6809992484492,1124.2023337177675,NA,NA,NA,NA,NA
BE-Lon,1,CRO,183.68844604492188,icos_warmwinter2020,12.085368542054674,1.1989392148315507,4.730678558349609,360.5410117226488,376.37089279487134,917.7190941324246,716.5338845515527,1077.0748962742014,1.2500312295696565,0.8315946605316434,557.1780824097758,0.7776018614367265,0.5173067205791877
BE-Maa,2,CSH,248.58624267578125,icos_warmwinter2020,12.33760775999516,1.21186797041123,6.9987382888793945,360.23964524269104,300.4010494773484,NA,785.569801866061,1145.809447108752,NA,NA,NA,NA,NA
BE-Vie,35,MF,224.2619476318359,icos_warmwinter2020,9.144253118504071,1.3008596914749688,4.410557746887207,349.1290919828415,373.12228419198016,807.6364355481553,900.2209232870268,1249.3500152698684,1.257200953916475,0.9058779282501968,458.5073435653139,0.5093275791581698,0.36699670865755984
BR-CST,2,DNF,732.203369140625,ameriflux,27.847447372737516,0.2486625431408619,3.783748149871826,406.70480942726135,434.71562879658586,NA,439.3690034492635,846.0738128765249,NA,NA,NA,NA,NA
BR-Npw,18,WSA,545.24578857421875,ameriflux,27.280183576993817,0.8569785968664791,6.812227249145508,402.29794631004336,1209.4273112336812,NA,1501.2786003433716,1903.5765466534149,1.543462313278435,1.2172701672728057,NA,NA,NA
BR-Sa3,40,EBF,661.40325927734375,plumber,26.6714755590447,0.9007651932469856,7.05645751953125,402.0157389243443,1209.465497698122,1836.4704118493487,1408.0369957897344,1810.0527347140787,1.46724264749816,1.1413656021487277,1434.4546729250044,1.0187620618025401,0.7924933044293845
BW-Ma1,8,SAV,359.0039367675781,plumber,24.571028516772937,0.32313987861910326,6.107773780822754,411.3134243488312,461.5143248065852,1019.416268038001,429.47418812138943,840.7876124702207,5.239471372875893,2.6763212024973018,608.1028436891698,1.4159240776474595,0.7232538094877176
CA-ARB,0.8200000047683715,WET,851.85333251953125,ameriflux,-0.02402126342403052,0.8203143448557522,10.361634254455566,176.02390533685684,344.0927500695958,NA,431.0406011064515,607.0645064433083,NA,NA,NA,NA,NA
CA-ARF,0.8200000047683715,WET,851.85333251953125,ameriflux,0.1930609273848175,0.8575884376565294,10.566325187683104,176.74476781338453,351.2537179934201,NA,448.9098014097908,625.6545692231754,NA,NA,NA,NA,NA
CA-Ca1,15.01866664759318,ENF,293.2023620605469,ameriflux,12.874985913968194,2.9351854031441524,4.041609287261963,185.1391427755356,364.82618681929057,773.433645625631,2355.747734179422,2540.8868769549576,0.5194909275310974,0.4816387484848437,588.2945028500955,0.24972729223700865,0.23153116661183976
CA-Ca2,15.01866664759318,ENF,301.47882080078125,ameriflux,9.949193461929084,3.441027867215924,4.164167881011963,181.56120099624,278.98899479384323,562.3954742904768,2056.5305006877625,2238.0917016840026,0.48279567370180954,0.443629735019702,380.8342732942368,0.1851828957396328,0.17016026332061662
CA-Cbo,23.183333333333337,DBF,247.0664825439453,ameriflux,8.64235881298137,1.1717520255338447,4.099686622619629,326.7240978214476,480.7041007802326,940.1218884182323,928.3165933883234,1255.040691209771,1.4444776557164565,1.0684375303303413,613.3977905967847,0.6607635745881736,0.4887473329693497
CA-DB2,2.596904761904762,WET,221.9344940185547,ameriflux,11.078052071336526,2.1575758836345953,9.10678482055664,353.6494323015213,201.77221471793425,607.4161001520501,1265.9600035018798,1619.609435803401,0.962021815731973,0.7519597714672538,253.76666785052885,0.20045393784050305,0.15668386602393983
CA-DBB,2.596904761904762,WET,221.9344940185547,ameriflux,11.550997586394065,1.408776463997708,9.96415901184082,355.7006643584796,386.636707319931,943.1695704216017,1158.2747187221198,1513.9753830805994,1.118012625986924,0.8553413578349067,587.4689060631222,0.5071930661762645,0.3880306857220856
CA-ER1,1.9984558823529412,CRO,165.9332275390625,ameriflux,8.479880270009216,1.429303465581815,5.974582672119141,328.4364953140418,638.2159201124041,NA,1008.58300068287,1337.0194959969117,NA,NA,NA,NA,NA
CA-Gro,31,MF,237.40826416015625,ameriflux,4.195772698853447,1.1857537999162169,4.683863639831543,296.8949173664053,384.2042421526073,835.3405617198164,830.3200001511897,1127.214917517595,1.4999832189461142,1.1049055927373128,538.4456443534111,0.6484796756134595,0.477677890866811
CA-LP1,15.01866664759318,ENF,262.4881286621094,ameriflux,4.07276434851229,1.0467941026647982,7.248086452484131,309.9820337306176,244.28166976777655,592.7619155614755,538.5635863623713,848.5456200929889,1.8884560786307327,1.198584559641864,282.7798818308579,0.5250631290185113,0.3332524205355855
CA-MA1,1.9984558823529412,CRO,182.9694061279297,ameriflux,2.8123548876275195,0.6312024462507384,8.402433395385742,170.39715543637672,448.6868196064889,NA,467.8090015347605,638.2061569711373,NA,NA,NA,NA,NA
CA-MA2,1.9984558823529412,CRO,182.9694061279297,ameriflux,4.758008214941675,0.7599314342887212,6.610469818115234,178.30926553656658,400.54466992958,855.666172278858,484.3380008010173,662.6472663375839,1.8204183194793344,1.3305687871486511,677.3569067422914,1.3985210857336237,1.022198296366643
CA-MA3,0.6142857159887042,GRA,182.9694061279297,ameriflux,4.738520487985585,0.8310768404872022,12.534753799438477,178.41871337592602,450.2427629125248,NA,484.3380008010173,662.7567141769433,NA,NA,NA,NA,NA
CA-NS1,20,ENF,741.468994140625,ameriflux,2.470586202783549,0.2323118188751791,5.618974208831787,271.22421284019947,349.7634728643961,NA,164.01160042274344,435.2358132629429,NA,NA,NA,NA,NA
CA-NS2,20,ENF,758.646728515625,ameriflux,-1.420916162354578,0.5855692174793865,5.030539035797119,252.4125521302223,282.4407120219001,NA,332.4672002779971,584.8797524082195,3.429930645097854,1.949698949276471,NA,NA,NA
CA-NS3,12.444598754835717,ENF,750.125244140625,ameriflux,1.749934304624864,0.3431149201015791,6.023646831512451,275.9127179592848,274.50746265297585,NA,201.36559808149968,477.2783160407845,5.78812038162421,2.4420307465086686,NA,NA,NA
CA-NS4,7,ENF,750.125244140625,ameriflux,0.7768919023403277,0.5746626501252704,5.281637668609619,NA,122.14713599342944,NA,291.37339833600663,NA,3.859209830918398,NA,NA,NA,NA
CA-NS5,5,ENF,741.468994140625,ameriflux,-0.4829890457997698,0.4532819501928985,6.5356879234313965,254.4459146887064,281.8575668684484,NA,264.9195988138763,519.3655135025826,4.303239176741385,2.1950098084377605,NA,NA,NA
CA-NS6,4,OSH,729.70721435546875,ameriflux,0.7254905296673315,0.42447680367372514,3.761704206466675,260.716233766079,201.0833487859159,NA,257.6709976239636,518.3872313900426,3.9821979200256017,1.9794023630512965,NA,NA,NA
CA-NS7,0.25,OSH,807.2322998046875,ameriflux,-0.19490624614790272,0.5318321840588398,4.736624717712402,NA,338.06129412656117,NA,302.2509985326473,NA,3.251587893832326,NA,NA,NA,NA
CA-Qcu,5.5,ENF,197.24952697753903,plumber,1.6030536539503648,2.2839498693909563,4.91405725479126,278.418776461482,326.4312324247533,611.3011701871942,928.9545952432868,1207.373371704769,1.0338531725381397,0.7954479351156306,332.8823937257122,0.3583408655603158,0.2757079139949011
CA-Qfo,13.8,ENF,211.28390502929688,ameriflux,1.9854310692209216,1.4809508528701023,5.5115532875061035,280.8556482978165,295.07006248327207,714.0009927732804,950.8375025547452,1231.6931508525618,1.26733576468316,0.978352743583528,433.14534447546384,0.45554087140197247,0.35166660151974244
CA-SF1,6,ENF,887.1614990234375,ameriflux,2.0023140376206756,0.7540598393291907,4.4785027503967285,282.6879247687757,1090.2453048098414,1600.6402731142707,905.1440025307104,1187.831927299486,2.33435807606236,1.778812442860229,1317.952348345495,1.4560692493797731,1.109544471785529
CA-SF1,6,ENF,887.1614990234375,ameriflux,2.0023140376206756,0.7540598393291907,4.4785027503967285,282.6879247687757,1090.2453048098414,1600.6402731142707,905.1440025307104,1187.831927299486,2.33435807606236,1.778812442860229,1317.952348345495,1.4560692493797731,1.109544471785529
CA-SF1,6,ENF,887.1614990234375,ameriflux,2.0023140376206756,0.7540598393291907,4.4785027503967285,282.6879247687757,1090.2453048098414,1600.6402731142707,905.1440025307104,1187.831927299486,2.33435807606236,1.778812442860229,1317.952348345495,1.4560692493797731,1.109544471785529
CA-SF1,6,ENF,887.1614990234375,ameriflux,2.0023140376206756,0.7540598393291907,4.4785027503967285,282.6879247687757,1090.2453048098414,1600.6402731142707,905.1440025307104,1187.831927299486,2.33435807606236,1.778812442860229,1317.952348345495,1.4560692493797731,1.109544471785529
CA-SF1,6,ENF,887.1614990234375,ameriflux,2.0023140376206756,0.7540598393291907,4.4785027503967285,282.6879247687757,1090.2453048098414,1600.6402731142707,905.1440025307104,1187.831927299486,2.33435807606236,1.778812442860229,1317.952348345495,1.4560692493797731,1.109544471785529
CA-SF1,6,ENF,887.1614990234375,ameriflux,2.0023140376206756,0.7540598393291907,4.4785027503967285,282.6879247687757,1090.2453048098414,1600.6402731142707,905.1440025307104,1187.831927299486,2.33435807606236,1.778812442860229,1317.952348345495,1.4560692493797731,1.109544471785529
CA-SF1,6,ENF,887.1614990234375,ameriflux,2.0023140376206756,0.7540598393291907,4.4785027503967285,282.6879247687757,1090.2453048098414,1600.6402731142707,905.1440025307104,1187.831927299486,2.33435807606236,1.778812442860229,1317.952348345495,1.4560692493797731,1.109544471785529
CA-SF1,6,ENF,887.1614990234375,ameriflux,2.0023140376206756,0.7540598393291907,4.4785027503967285,282.6879247687757,1090.2453048098414,1600.6402731142707,905.1440025307104,1187.831927299486,2.33435807606236,1.778812442860229,1317.952348345495,1.4560692493797731,1.109544471785529
CA-SF2,4,ENF,162.57510375976562,ameriflux,3.566410845259252,0.577220805052907,6.052735805511475,294.3420441051324,445.2071239125545,836.404413433635,358.4973349395568,652.8393790446892,2.6810396967147896,1.4722543047967944,542.0623693285027,1.5120401645939576,0.8303150617564027
CA-SF3,1,OSH,178.11813354492188,plumber,2.752512650184374,0.7205359083433694,5.314791202545166,287.7869944125414,658.850922550756,1164.5628504457445,781.6013361836438,1069.3883305961851,2.284423897273258,1.6696542494747462,876.775856033203,1.1217686248008119,0.819885378349322
CA-SF3,1,OSH,178.11813354492188,plumber,2.752512650184374,0.7205359083433694,5.314791202545166,287.7869944125414,658.850922550756,1164.5628504457445,781.6013361836438,1069.3883305961851,2.284423897273258,1.6696542494747462,876.775856033203,1.1217686248008119,0.819885378349322
CA-SF3,1,OSH,178.11813354492188,plumber,2.752512650184374,0.7205359083433694,5.314791202545166,287.7869944125414,658.850922550756,1164.5628504457445,781.6013361836438,1069.3883305961851,2.284423897273258,1.6696542494747462,876.775856033203,1.1217686248008119,0.819885378349322
CA-SF3,1,OSH,178.11813354492188,plumber,2.752512650184374,0.7205359083433694,5.314791202545166,287.7869944125414,658.850922550756,1164.5628504457445,781.6013361836438,1069.3883305961851,2.284423897273258,1.6696542494747462,876.775856033203,1.1217686248008119,0.819885378349322
CA-SF3,1,OSH,178.11813354492188,plumber,2.752512650184374,0.7205359083433694,5.314791202545166,287.7869944125414,658.850922550756,1164.5628504457445,781.6013361836438,1069.3883305961851,2.284423897273258,1.6696542494747462,876.775856033203,1.1217686248008119,0.819885378349322
CA-SF3,1,OSH,178.11813354492188,plumber,2.752512650184374,0.7205359083433694,5.314791202545166,287.7869944125414,658.850922550756,1164.5628504457445,781.6013361836438,1069.3883305961851,2.284423897273258,1.6696542494747462,876.775856033203,1.1217686248008119,0.819885378349322
CA-SF3,1,OSH,178.11813354492188,plumber,2.752512650184374,0.7205359083433694,5.314791202545166,287.7869944125414,658.850922550756,1164.5628504457445,781.6013361836438,1069.3883305961851,2.284423897273258,1.6696542494747462,876.775856033203,1.1217686248008119,0.819885378349322
CA-SF3,1,OSH,178.11813354492188,plumber,2.752512650184374,0.7205359083433694,5.314791202545166,287.7869944125414,658.850922550756,1164.5628504457445,781.6013361836438,1069.3883305961851,2.284423897273258,1.6696542494747462,876.775856033203,1.1217686248008119,0.819885378349322
CA-TP1,3.5444444444444443,ENF,197.84371948242188,ameriflux,10.356352369016788,1.0998928152170746,6.675719261169434,339.5060696359724,342.29294474608645,799.0944875886624,836.7543162381082,1176.2603858740806,1.325113766692125,0.9426438882936846,459.58841795269007,0.5492513262661304,0.3907199659802955
CA-TP3,13.3,ENF,197.84371948242188,ameriflux,10.21744945903263,1.2862664354453637,6.6750030517578125,337.42755892314017,446.5461368866348,915.5495486174575,1123.543750447068,1460.9713093702082,1.2137784595974026,0.9334428362565212,578.1219896943173,0.5145522721872445,0.39571070697037347
CA-TPD,25.7,DBF,214.2979278564453,ameriflux,10.61332354349354,1.0673682411709595,6.388505935668945,341.1454304556052,363.4143640307353,937.4239773322709,881.6135021793798,1222.758932634985,1.7705531591439074,1.2765750711498536,596.2785468766657,0.6763491545928505,0.4876501254353668
CH-Aws,0.5750000029802322,GRA,218.63607788085935,icos_warmwinter2020,7.084686845233244,1.7626956464397707,7.483077526092529,211.8316041668256,836.6431079080834,NA,1364.2706014058513,1576.102205572677,NA,NA,NA,NA,NA
CH-Cha,0.5,GRA,240.23568725585935,icos_warmwinter2020,11.429130710360532,1.5255244133498271,5.828620910644531,355.8601705431938,729.6472926994429,1273.3077402759734,1136.6858789137589,1492.5460494569527,1.0088224978541922,0.76829407578988,917.4475697327796,0.8071249821538311,0.6146862738785067
CH-Dav,25,ENF,223.23182678222656,icos_warmwinter2020,5.549135442340891,1.1102321499510523,2.306990146636963,347.3641991255184,578.5053764007167,1280.3339242451395,838.1249612148081,1185.4891603403264,1.5244660364596438,1.0777770733173428,932.9697251196212,1.1131630345042363,0.7869913587837338
CH-Fru,0.5,GRA,213.80369567871097,icos_warmwinter2020,8.865263835794986,2.329549425225928,3.620929002761841,353.6810458600521,663.729078039743,1185.021026614854,1449.1351306195704,1802.8161764796225,0.6698502949701195,0.5384373666940268,831.3399807548019,0.5736800959337496,0.4611340810010746
CH-Lae,14.420000076293944,MF,216.66603088378903,icos_warmwinter2020,8.960637233517652,1.2319371871264582,2.618077516555786,346.96327450345547,744.578085761183,NA,840.4892975556603,1187.4525720591157,NA,NA,NA,NA,NA
CH-Oe1,0.5,GRA,222.75596618652344,plumber,9.897549124146009,1.977275585592536,6.232672691345215,349.0847699216434,611.7481428393803,NA,1222.343424475262,1571.4281943969054,0.7838819719054556,0.6097465842472495,NA,NA,NA
CH-Oe2,0.8930252772826303,CRO,222.75596618652344,icos_warmwinter2020,10.722047100424849,1.585975930923393,7.736750602722168,352.8218182640917,650.7096976153609,NA,1128.7063567616456,1481.5281750257373,NA,NA,NA,NA,NA
CN-Cha,28,MF,247.1379547119141,plumber,5.809592648754202,0.6914770974688168,3.635377883911133,313.0663166542848,441.09292372938006,NA,466.1433346705735,779.2096513248582,2.55941299505915,1.531106944437319,NA,NA,NA
CN-Cng,0.75,GRA,154.80770874023438,plumber,7.840229368052414,0.42682783393017193,6.659930229187012,308.71532544493675,416.9643097921808,943.8978227706766,332.8500008323317,641.5653262772685,3.0324289345036357,1.5732520634029852,635.1824973257399,1.9083145432999524,0.9900511628510763
CN-Dan,1,GRA,173.4037628173828,plumber,4.322795846714192,0.5214553665252077,7.910079956054688,397.9757516980171,586.3249113322673,NA,520.1500016049978,918.1257533030149,1.990700378895295,1.1278006324866883,NA,NA,NA
CN-Din,30,EBF,242.55422973632812,plumber,20.856340458880176,1.519034714960078,2.5577943325042725,391.2056473692258,628.9507218858797,NA,1373.545004155892,1764.7506515251177,1.0188887204427537,0.7930239382801637,NA,NA,NA
CN-Du2,0.5,GRA,166.8404083251953,plumber,4.36991417652367,0.3736896022996101,7.155744552612305,314.8508708178997,344.15843851895954,NA,284.8985012498815,599.7493720677812,3.8858826636784496,1.8459079716881632,NA,NA,NA
CN-HaM,0.30000001192092896,GRA,189.57565307617188,plumber,2.549003748143295,0.7302452592779268,2.527667284011841,367.0803800821304,335.8278373818236,918.0520782945787,583.3360015898393,950.4163816719697,2.3077654975537203,1.4164346531798384,550.9716982124484,0.9445185908478401,0.5797161210996601
CN-Qia,13,ENF,228.145263671875,plumber,18.99983491006852,1.363573333581132,3.8304238319396977,376.93803085883457,630.0339051812056,NA,1169.9080042682908,1546.8460351271253,1.2231452461436525,0.925087165335473,NA,NA,NA
CZ-BK1,12.444598754835717,ENF,259.2153015136719,icos_warmwinter2020,8.072089444139118,1.777240596188475,2.337387800216675,345.95678121903364,358.1380941964645,891.392232997732,1250.3360627962793,1596.292844015313,0.9177985760433786,0.7188885562648687,545.4354517786983,0.43623108059354404,0.34168884100658536
CZ-KrP,0.8930252772826303,CRO,215.42469787597656,icos_warmwinter2020,10.294486790479494,0.9599738650981486,3.5680816173553467,203.75257990615708,397.5644219913334,783.7404420106428,633.2007164294737,836.9532963356307,1.6164343925429543,1.2229205857730325,579.9878621044858,0.9159621065733352,0.692975181104851
CZ-Lnz,29,MF,218.02980041503903,icos_warmwinter2020,12.39546711621415,0.6825417299077091,5.522093772888184,355.7394864857197,543.1390037992413,NA,497.03916904367134,852.778655529391,2.39714550052512,1.3971681865303407,NA,NA,NA
CZ-RAJ,12.444598754835717,ENF,240.9299774169922,icos_warmwinter2020,8.936512581690643,1.029933394273228,3.118736982345581,203.68126612073848,351.65368072043105,718.4830861445739,664.8645558454973,868.5458219662357,1.9317960560305287,1.4787737092203186,514.8018200238355,0.7742957802422938,0.592716937902498
CZ-Stn,23.183333333333337,DBF,234.6613311767578,icos_warmwinter2020,9.746286804821548,0.9422225102997314,5.573789119720459,210.51273061606017,389.67731576421266,NA,665.2899119542916,875.8026425703517,1.6382678153477732,1.2444847704860835,NA,NA,NA
CZ-wet,1,WET,188.04153442382812,icos_warmwinter2020,10.64272239702385,0.7763128227711371,14.612222671508787,351.75532872279484,480.76108303276993,936.9753151158234,577.4772012966538,929.2325300194486,2.066684523417443,1.2843536531391502,585.2199863930285,1.0134079494030055,0.6297885270770492
DE-Akm,2.596904761904762,WET,900.4317626953125,icos_warmwinter2020,10.614350499231684,1.097103408651574,6.907629489898682,350.96583922207355,512.0597420604021,NA,639.4923337823343,990.4581730044079,1.76064587219452,1.1367663657704972,NA,NA,NA
DE-Bay,25,ENF,241.6418304443359,plumber,6.794663488629541,2.1574961083398603,3.807720184326172,336.71078797181445,311.5997249510428,719.5981731230934,1018.8485873895614,1355.559375361376,1.0401168279937032,0.7817596043249576,382.887385151279,0.37580401041953865,0.28245711114587346
DE-Geb,1,CRO,186.36428833007812,icos_warmwinter2020,11.148483308956552,0.9727387913063134,6.195981502532959,351.49737624228,356.41750636367567,805.11162986964,515.8636022933706,867.3609785356506,1.5450483239258828,0.9189186668777265,453.6142536273599,0.87932982984403385,0.5229820857207439
DE-Gri,0.699999988079071,GRA,232.6336669921875,icos_warmwinter2020,10.61635743555996,1.4230167323329737,6.188467025756836,352.33049305396924,439.83284323988886,982.3741599473462,826.0142970048157,1178.3447900587848,1.1859530532563618,0.8313476546345978,630.043666893377,0.7627515276405729,0.534685324880119
DE-Hai,33,DBF,190.60711669921875,icos_warmwinter2020,9.007815062629614,1.1941925000540314,3.927706241607666,344.72515469789505,362.04117213302845,797.5410499445733,716.4308596813661,1061.1560143792613,1.331120235089526,0.898695009444305,452.8158952466782,0.6320440962692044,0.42671943532408807
DE-HoH,19.4375,DBF,219.05535888671875,icos_warmwinter2020,10.827203284926554,0.7170186193201866,5.204469203948975,352.32605414589244,551.1873745673462,1086.6165099215193,467.08366891261903,819.4097230585114,2.391420810049149,1.3631686010540334,734.2904557756269,1.5720747794181524,0.8961212383895445
DE-Hte,2.596904761904762,WET,208.72718811035156,icos_drought2018,10.342489567906847,1.1809613718483212,5.46602201461792,212.4527589380741,558.4316465011525,NA,603.5850002901134,816.0377592281875,1.3222059155711954,0.9779739343047582,NA,NA,NA
DE-Hzd,23.183333333333337,DBF,226.39588928222656,icos_warmwinter2020,10.640105310727003,1.061906516669079,4.984316825866699,352.6365159804171,534.2914531932853,1032.1772471497459,619.1832744352703,971.8197904156873,1.5475678430332096,0.9860142115959148,679.5407311693288,1.0974791458782667,0.6992456192713067
DE-Kli,1.5,CRO,192.32388305664065,icos_warmwinter2020,9.293830083874727,1.4423365132068775,4.292603492736816,346.3939273217145,436.6743928834195,881.1974330480623,763.2978256681185,1109.691752989833,1.172533500415005,0.8065233151264135,534.8035057263478,0.7006485381485681,0.48193879452147975
DE-Meh,1,MF,190.88877868652344,plumber,9.924455345017066,1.05543040460022,5.13113260269165,346.9920004606247,300.6206164804938,748.0050099664647,520.4333391848194,867.4253396454441,1.5350119848647332,0.9209684989124314,401.0130095058401,0.7705367418120574,0.46230262268998534
DE-Obe,19,ENF,232.6336669921875,icos_warmwinter2020,7.4682890505115855,1.8998477816071004,3.3394079208374023,340.01120906609754,384.4596297551851,864.0707764532709,959.1536182544736,1299.164827320571,1.1070730585695907,0.8173351890914883,524.0595673871734,0.5463770947774654,0.4033818930181527
DE-RuR,0.4707806229810339,GRA,246.34127807617188,icos_warmwinter2020,9.268116607798538,1.492628263323465,3.509934425354004,351.2893171787262,544.4202956831338,1114.9278016653682,855.9990011466334,1207.2883183253596,1.0847122848899375,0.7690893867715188,763.6384844866419,0.8921020742591146,0.6325237086248724
DE-RuS,0.8930252772826303,CRO,216.4841766357422,icos_warmwinter2020,12.728151228504252,0.8494569242159955,8.993896484375,363.31253920197486,582.8487520577538,1212.3759493821103,542.7748009882055,906.0873401901804,1.793827647289917,1.0745591523887372,849.0634101801355,1.5643014536310165,0.9370657468869656
DE-RuW,15.01866664759318,ENF,237.6573486328125,icos_warmwinter2020,8.63269658913328,1.810323651362198,4.657596588134766,348.80817258358,699.1912554562588,NA,1025.1317793971111,1373.9399519806911,NA,NA,NA,NA,NA
DE-Seh,0.800000011920929,CRO,216.4841766357422,plumber,10.19747185649943,1.3346047171306452,9.36851406097412,347.6595307985942,538.9876019861538,966.5932595615434,527.6060019610668,875.265532759661,1.1589861091797915,0.6986314489784332,618.9337287629493,1.1730983469907943,0.7071382404508577
DE-SfN,2,WET,1114.90185546875,plumber,10.242259695825304,1.318721503746127,7.726890563964844,354.64754316210747,454.5222901172441,950.4694801603478,887.5855022655455,1242.233045427653,1.6419516342218163,1.1731876489043058,595.8219369982403,0.6712839895169714,0.47963780966164987
DE-Tha,26.5,ENF,240.72471618652344,icos_warmwinter2020,9.88516778240855,1.1506722198759782,3.335569381713867,348.02665106058123,401.79770768443075,884.2965590350993,806.3429630339324,1154.3696140945135,1.3639479917544466,0.9527363261013692,536.2699079745181,0.665064287231773,0.4645565002983622
DE-Wet,22,ENF,235.99951171875,plumber,6.85568481937118,2.367851440605332,3.3274526596069336,334.4439633131027,334.4822663316811,771.4112887345989,1021.6700067439522,1356.1139700570548,1.1041652239522828,0.831856699886592,436.96732542149624,0.42769908339983953,0.32222020793953776
DK-Fou,1,CRO,202.92849731445312,plumber,9.357466119353026,1.2544514110359164,4.922911643981934,347.1057216525078,99.86190918541028,NA,643.314999064012,990.4207207165198,1.4019672053500798,0.9106297076913716,NA,NA,NA
DK-Gds,12.444598754835717,ENF,236.9896697998047,icos_warmwinter2020,8.476463631342966,4.1220771660463225,5.849993705749512,349.5469328761101,726.850327044353,NA,1056.5610010787168,1406.1079339548269,NA,NA,NA,NA,NA
DK-Lva,0.5,GRA,207.0031890869141,plumber,9.014476825954809,2.6703371810163157,4.460951328277588,299.360003054142,371.60449678001345,NA,1000.6692610397296,1300.0292640938715,0.6959501456556774,0.5356924933987276,NA,NA,NA
DK-Ris,1,CRO,172.05734252929688,plumber,7.726255016901862,2.928960895859379,9.434333801269531,335.3682400584221,361.3387141988493,NA,481.2300164422084,816.5982565006304,1.9604480604571477,1.155312841850478,NA,NA,NA
DK-Sor,25,DBF,166.7314453125,icos_warmwinter2020,9.110810573349305,1.5865937286666238,5.446774959564209,343.2048798513413,439.3536862988777,818.4034466638632,823.5904836441641,1166.7953634955054,1.0107964695266582,0.7134775979134073,475.1985668125219,0.5769840427367463,0.4072681308819346
DK-ZaH,0.5,GRA,171.7994842529297,plumber,-8.544635166756503,0.5775429801437331,7.302747249603272,177.81734278323088,126.32456746948272,NA,147.40378633321956,325.22112911645047,1.5407306444739888,0.6983234186908177,NA,NA,NA
ES-Abr,8,SAV,393.9819641113281,icos_warmwinter2020,20.406639869506616,0.32820458565988375,5.7895283699035645,213.20051419238249,335.9576978604326,722.2095807339106,337.94150097065193,551.1420151630344,4.304903076335233,2.639619856815955,509.00906654152806,1.5062046687948287,0.9235533719761087
ES-Agu,1.35,OSH,166.910888671875,icos_warmwinter2020,18.803082529800644,0.26882918787066384,5.212456703186035,224.68910577694575,200.16108053738165,411.9972498399153,267.9601337431154,492.6492395200612,5.2098762109896954,2.8337385187925896,187.30814406296955,0.6990149670642265,0.38020589303140934
ES-Cnd,2.5,WSA,488.8213195800781,icos_warmwinter2020,19.642806806297177,0.5813192711060968,5.100535869598389,224.41553129894393,363.1854448591091,827.2819497197472,646.6668579724716,871.0823892714155,2.4296001914859695,1.8036662677472681,602.8664184208033,0.932267381555631,0.6920888607621243
ES-ES1,7.5,ENF,676.3885131835938,plumber,18.061281364280173,0.5311982120660297,5.094195365905762,383.7952155470848,564.1011308089785,NA,559.572455182407,943.3676707294918,3.242275648111689,1.9232036469821214,NA,NA,NA
ES-ES2,0.5,CRO,673.4434661865234,plumber,18.909522455832523,0.5789435468249144,6.704644203186035,386.2326032221318,861.0077305025468,1401.3064752264913,578.4692629076175,964.7018661297493,2.772676613640775,1.6625946868006234,1015.0738720043596,1.7547585275355737,1.052215101518043
ES-LJu,0.20000000298023224,OSH,406.2940979003906,icos_warmwinter2020,12.94772714475872,0.6275822600380149,2.2858798503875732,386.807292026632,257.6248424468699,778.1110470941435,603.8315302248213,990.6388222514533,2.3465739398724854,1.4303248581340482,391.3037550675115,0.6480346511912345,0.3950014336993014
ES-LM1,8,SAV,341.9933166503906,icos_warmwinter2020,19.40564076230384,0.5451370011686327,5.442254066467285,222.56023495537897,513.858121797492,992.6800354650038,642.2880020359019,864.8482369912808,2.5709626582678964,1.9093505640162922,770.1198005096248,1.1990256677199733,0.8904681394608531
ES-LM2,8,SAV,341.9933166503906,icos_warmwinter2020,19.50064917446702,0.5161768257241396,5.442254066467285,222.59482932942257,465.9237592586648,918.100467194907,606.8902875504265,829.4851168798491,2.7151235603308668,1.9865119756004237,695.5056378654845,1.146015436616614,0.838478742670712
ES-LMa,8,SAV,341.9933166503906,plumber,18.046349440696144,0.7168964937249679,5.778726577758789,381.2348748644193,515.9696726732801,915.9117369750434,691.3040199476427,1072.538894812062,1.9056905933388368,1.2283112289204139,534.676862110624,0.7734323057330389,0.49851512583542623
ES-LgS,0.20000000298023224,OSH,594.52252197265625,plumber,6.078360936575485,0.41017577057089666,2.255000352859497,362.6732183098793,359.46322073291844,795.5488457819931,401.7000015781377,764.373219888017,NA,NA,432.8756274721138,1.0776092252215537,0.5663144864435876
ES-VDA,0.5,GRA,193.555419921875,plumber,8.24793714710161,1.358679009843219,3.1143341064453125,368.3173271417618,414.22632485409787,840.1046663083785,926.2328379057412,1294.550165047503,0.8342435519580814,0.5968897872770695,471.78733916661673,0.5093614908248681,0.36444114094976354
FI-Hyy,14,ENF,243.5284881591797,icos_warmwinter2020,5.031999628061928,1.237947070764459,5.061100959777832,314.85092946767804,316.83600050129473,701.9197042864506,631.3585610339055,946.2094905015836,1.350725016075841,0.9012716645339066,387.06877481877257,0.6130728221771685,0.40907302104271676
FI-Kaa,0.800000011920929,WET,209.4245452880859,plumber,0.0238480956827845,2.0924175851930458,7.01309871673584,267.74084211389226,237.462140294065,NA,485.0658883930011,752.8067305068934,1.0748101953339295,0.6925466273427981,NA,NA,NA
FI-Ken,12.444598754835717,ENF,212.5679473876953,icos_warmwinter2020,1.3148620251093484,3.197524693462152,4.823010444641113,286.0653202285369,272.98286922367157,NA,644.4933358099661,930.5586560385029,NA,NA,NA,NA,NA
FI-Let,12.444598754835717,ENF,232.94081115722656,icos_warmwinter2020,6.098136982446656,1.3193402858441954,7.856218814849853,320.8989458555977,382.8521951091653,654.044533897436,579.6568314350424,900.55577729064,1.2721917081844152,0.818866119278825,333.1455880418384,0.5747289947693326,0.36993331944870855
FI-Lom,0.4000000059604645,WET,212.5679473876953,plumber,0.4229734850230186,1.7792960958599782,4.822475433349609,278.32073193291825,261.7656442943865,517.0273889673111,535.1223344602658,813.4430663931842,0.622737328159714,0.4096668427920441,238.7066570343929,0.4460786658720884,0.29345219954092294
FI-Qvd,1.9984558823529412,CRO,184.40321350097656,icos_warmwinter2020,7.8945057985255636,1.8426035925360364,4.87139368057251,163.2258349408706,402.975367928227,NA,699.0433334028238,862.2691683436944,0.8702165282325339,0.7054862739049383,NA,NA,NA
FI-Sii,0.8200000047683715,WET,1099.7742919921875,icos_warmwinter2020,5.597366287742534,1.3210492783463672,5.754791259765625,320.16989109516146,306.2377561440992,NA,601.2984017704548,921.4682928656163,NA,NA,NA,NA,NA
FI-Sod,12.699999809265137,ENF,218.66461181640625,plumber,1.3713615222292523,1.7220571435669847,6.3535661697387695,281.10957489056244,295.40901192807496,524.6995513185905,540.925715947807,822.0352908383695,0.9862188848912034,0.6489638125474523,243.58997642802797,0.45032056943569593,0.29632544872811695
FI-Var,12.444598754835717,ENF,222.59884643554688,icos_warmwinter2020,0.29994067883002484,1.6905349904507412,4.545340538024902,280.3373478889465,160.14543402378797,467.77781011306223,530.853600615842,811.1909485047885,1.039639060740185,0.6803529301603658,187.44046222411572,0.35309257016749346,0.2310682368554674
FR-Aur,0.8930252772826303,CRO,225.2197265625,icos_warmwinter2020,15.077776359771756,0.8610262073130054,8.748833656311035,373.5426339060068,468.57579403495106,990.4618686995304,652.120751660184,1025.6633855661908,1.697462250382598,1.0792530709509767,616.9192347935236,0.9460199406673633,0.6014831410336144
FR-Bil,15.01866664759318,ENF,230.1852874755859,icos_warmwinter2020,15.742843480582486,1.1864547629022495,7.354825973510742,217.08764439821243,679.344901014372,1001.2433820451382,1045.254001970011,1262.3416463682233,1.532034152832219,1.268566900260135,784.1557376469258,0.7502059175750697,0.62119137073783
FR-EM2,0.8930252772826303,CRO,157.40341186523438,icos_drought2018,12.366925323326598,0.8441745255902905,6.200962543487549,177.63033713400364,508.7174003562451,NA,592.8140025827814,770.4443397167851,NA,NA,NA,NA,NA
FR-FBn,14.420000076293944,MF,314.62066650390625,icos_warmwinter2020,15.27776997609833,0.6530362720545946,4.322998046875,378.73219725260367,480.1135449856272,NA,684.7981560662105,1063.5303533188142,2.3204386829309644,1.4941107476407745,NA,NA,NA
FR-Fon,24,DBF,242.46046447753903,icos_warmwinter2020,12.588923826341864,0.8506656618217598,4.67879581451416,361.39182863757014,639.3285332108147,NA,677.4188759719565,1038.8107046095265,1.814129399707243,1.1830119706739985,NA,NA,NA
FR-Gri,1,CRO,252.6805725097656,icos_warmwinter2020,12.318520876148083,0.9448623817541772,3.90938401222229,360.2752794798683,422.9043318547567,944.3464632203402,584.5981204656041,944.8733999454723,1.6308938607717958,1.009042571990179,584.0711837404718,0.9990986342468693,0.6181475568834703
FR-Hes,13,DBF,124.46168518066406,plumber,10.43700459356918,1.8110096658794816,3.676394701004028,NA,335.3848798692968,NA,960.3314869989936,NA,1.1825049250131174,NA,435.66620900095455,0.4536623185837612,NA
FR-LBr,20,ENF,212.5679473876953,plumber,14.446076316316132,1.191663357430779,4.866008758544922,368.443629493316,570.6209964754188,1135.7194170290693,963.2821722101144,1331.7258017034303,1.4787345228272155,1.0696185366755429,767.2757875357532,0.7965223583193155,0.576151476943917
FR-LGt,2.596904761904762,WET,278.12701416015625,icos_warmwinter2020,13.17057829335978,0.8952626505788757,10.613797187805176,364.82526245713234,378.6345851326788,NA,673.9100033849213,1038.7352658420536,NA,NA,NA,NA,NA
FR-Lam,0.8930252772826303,CRO,188.0902099609375,icos_warmwinter2020,14.70298247859959,0.7955658993495897,14.058125495910645,213.17066782340407,558.1583483251101,1001.8637996964829,684.5700648681919,897.740732691596,1.905273381934064,1.4528616951040252,788.6931318730789,1.1520999417713875,0.8785310760139268
FR-Lq1,0.5,GRA,259.6422119140625,plumber,8.395389904427052,2.0231386750582536,3.0666134357452393,353.108658015728,664.5075727948705,475.5122259653955,975.6126616752224,1328.7213196909504,0.3700094522835701,0.27167917097268174,122.40356794966752,0.1254632834915125,0.09212132456649193
FR-Lq2,0.5,GRA,259.6422119140625,plumber,8.395389904427052,2.0218538031958753,6.372706890106201,353.37750967343646,581.1109359244184,466.62406556027463,975.6126616752224,1328.9901713486588,0.37000986269044855,0.2716245121806908,113.24655588683814,0.11607737408038833,0.08521248563630503
FR-Pue,6.5,EBF,260.3506774902344,plumber,14.781709458294772,1.0012735011078682,2.7245137691497803,373.02816766500473,389.3171347608007,929.1065661754567,921.7115367559404,1294.7397044209451,1.4780983735622517,1.0522426389803388,556.078398510452,0.6033106631903813,0.42949049651578464
FR-Tou,0.4707806229810339,GRA,171.27365112304688,icos_warmwinter2020,15.91970166468398,0.7709156082337946,5.975724220275879,376.3428116639455,506.77218164033013,1095.7384496828743,703.7236701932444,1080.06648185719,1.8736019244202375,1.220756356096672,719.3956380189288,1.0222700592426865,0.6660660710273294
GF-Guy,35,EBF,530.6138916015625,icos_warmwinter2020,26.482598944706343,1.772622625499132,7.748089790344238,401.3703470300226,1284.5702466919197,NA,3091.646714554332,3493.0170615843545,0.7519609630282018,0.6655557644956865,NA,NA,NA
GL-Dsk,5.460000002384186,SNO,151.00140380859375,icos_warmwinter2020,-1.866115902889038,0,NA,261.89240522682667,128.89482096281847,NA,0,261.89240522682667,NA,NA,NA,NA,NA
HU-Bug,1,GRA,191.98248291015625,plumber,11.665757230211844,0.8004155865453573,9.530488967895508,347.0144484192133,464.8305222418888,879.2691197115885,530.2133305541048,877.2277789733181,2.0986228654985055,1.26844799693331,532.2546712923752,1.0038500366185381,0.6067462568448421
ID-Pag,26,EBF,269.3514099121094,plumber,27.941945950411856,1.5059433694299476,6.140288352966309,401.0237756371498,1265.2924946077237,NA,2072.3175088482094,2473.341284485359,1.1530562573533598,0.9661014781053758,NA,NA,NA
IE-Ca1,0.8999999761581421,CRO,172.05734252929688,plumber,11.463072899719744,1.7907353567495237,6.167691707611084,361.82228805621463,105.6126899215164,NA,679.8435989579391,1041.6658870141537,0.7507905903409859,0.49000373667246366,NA,NA,NA
IE-Cra,2.596904761904762,WET,176.38888549804688,icos_warmwinter2020,10.182158504233849,2.0481056950865586,5.880727291107178,175.0837659239769,269.69149967890417,506.9675051724834,1096.3679991305526,1271.4517650545295,0.5618645266655763,0.48449363461016054,331.8837392485065,0.30271199041900043,0.2610273927570291
IE-Dri,0.5,GRA,208.4802703857422,plumber,9.695496009523698,3.3077735642036865,6.17643404006958,355.574291408062,420.6039658229065,926.2934720526451,1271.8247702858207,1627.3990616938827,0.637080926139818,0.49788359942760174,570.7191806445832,0.44874041926099917,0.3506940578241139
IL-Yat,14.08656693689504,ENF,233.7943572998047,icos_warmwinter2020,20.727697933461823,0.17437708614918607,4.1512298583984375,219.47531165679297,262.9422283130885,634.1648973934018,237.5681942975673,457.0435059543603,7.918777183611581,4.116128053558292,414.6895857366088,1.7455602041457925,0.9073306596287556
IT-Amp,0.5,GRA,337.0481262207031,plumber,10.314022384524076,1.1514398801126275,6.141429424285889,361.20683640241623,606.7907955388023,1006.4017123497364,853.5172602212242,1214.7240966236404,1.5205643839968723,1.068413766242337,645.1948759473202,0.7559248137291228,0.5311452022238279
IT-BCi,1,CRO,408.5556945800781,icos_warmwinter2020,19.200957013707676,1.0286708698288394,6.693691730499268,384.9343049175599,744.6052168322097,1288.5611552026207,1022.7520074329752,1407.6863123505352,1.3196337299358434,0.9587775589822338,903.6268502850608,0.8835248855224357,0.6419234472602047
IT-BFt,19.4375,DBF,383.9016723632813,icos_warmwinter2020,16.035307272197905,1.0520555898267967,4.17312479019165,185.12025874853137,586.5922734208443,1148.5719876578794,737.2000019717233,922.3202607202546,2.0379184980737786,1.6288848730537362,963.451728909348,1.3069068452692476,1.0445956463723058
IT-CA1,5.5,DBF,364.29302978515625,plumber,17.391524191236435,0.6745233336438873,5.176156997680664,380.97902578115463,708.8235482405278,NA,719.8210016345685,1100.800027415723,NA,NA,NA,NA,NA
IT-CA2,0.30000001192092896,CRO,364.29302978515625,plumber,17.222496502500412,0.6825415631439046,5.427534103393555,379.9926834702492,470.3596200129957,988.6377080113975,721.4495016048091,1101.4421850750582,NA,NA,608.6450245411484,0.8436418948065861,0.5525891715321145
IT-CA3,3.5,DBF,364.29302978515625,plumber,17.004467182162884,0.6720248356092244,4.888474464416504,378.8810932338238,602.7427087560122,1070.4770341410904,709.1655013958189,1088.0465946296426,1.6116421325117756,1.0504338753639275,691.5959409072666,0.9752250208816265,0.6356308124310404
IT-Col,13,DBF,395.8569641113281,plumber,8.697006049884909,1.2271269160542455,4.2830281257629395,364.05050083994865,413.87855041198793,987.0470897128786,1169.414753581157,1533.4652544211056,1.2926771827168468,0.9857906885914243,622.9965888729299,0.5327422002887313,0.4062671697821518
IT-Cp2,28.34545456279408,EBF,499.8299560546875,icos_warmwinter2020,18.3738563760156,0.6306525388804037,5.766822338104248,384.6257358723217,413.0967256898344,831.5520292278011,637.1761134446501,1021.8018493169718,2.5388330467538127,1.5831677878610049,446.92629335547934,0.7014172124867369,0.4373903743218211
IT-Cpz,13,EBF,499.8299560546875,plumber,17.356518049554165,0.6707851875444899,6.865370273590088,381.5571380034089,483.56742243044897,936.6218752746978,820.3280026611283,1201.8851406645372,2.1709057468935264,1.4817179404764704,555.0647372712889,0.6766375589650354,0.46182843808551183
IT-Isp,19,DBF,227.1270446777344,plumber,14.4469038759803,2.412072953095964,10.579035758972168,370.38319516181946,521.2062847980793,1267.2278502100544,2001.0629990259988,2371.446194187818,0.715958287178647,0.6041366828522498,896.8446550482348,0.44818411788372814,0.37818469474294336
IT-LMa,25,DBF,228.6939697265625,plumber,15.261585870794168,1.2293403807376742,3.3266327381134033,372.43198624253273,499.22978679175367,NA,856.9803345678338,1229.4123208103665,1.8442279593468969,1.2855468152285092,NA,NA,NA
IT-Lav,28,ENF,239.14027404785156,icos_warmwinter2020,8.32629475264842,1.2715522910276948,3.2772305011749268,359.2823605371846,600.6270482853661,1087.6290475234298,1122.0554475730466,1481.3378081102312,1.2550938032489565,0.9506844633549446,728.3466869862452,0.649118266447193,0.49168169677341184
IT-Lsn,0.20000000298023224,OSH,156.6723175048828,icos_warmwinter2020,15.893817267337866,1.1521555329673836,8.034675598144531,370.7877748250961,484.46924647347794,1192.0187426244352,1069.8481999390356,1440.6359747641318,1.3349506245050886,0.99136391680632,821.230967799339,0.7676144782466674,0.5700475221950466
IT-MBo,0.30000001192092896,GRA,227.96392822265625,icos_warmwinter2020,6.565266128329867,1.9671584244313025,4.349808216094971,351.90642180045444,502.88782528983165,947.2937090276625,1065.8792805115183,1417.7857023119727,0.768747608788822,0.5779379399965757,595.3872872272082,0.558587917143375,0.41994166414311734
IT-Mal,0.5,GRA,235.1103057861328,plumber,6.123424562833543,3.649517735940008,1.822266936302185,347.959554374218,409.8128173867788,NA,1833.286250568562,2181.24580494278,0.6234275677706427,0.5239763375725102,NA,NA,NA
IT-Noe,1.2000000476837158,CSH,130.3952178955078,plumber,18.102837000464827,0.4840194179970657,3.919835567474365,384.7801680456509,432.0637496524087,834.7757817869951,570.6915466514561,955.471714697107,2.9624241967707037,1.7694196706060683,449.9956137413442,0.7885093381559658,0.47096696513302516
IT-Non,7,MF,318.0335693359375,plumber,15.4593498445681,2.719688878787285,6.658273696899414,368.1922205090523,354.2659999911552,796.5241917356612,1475.4305848134206,1843.622805322473,0.8486624620433213,0.679175018375171,428.33197122660897,0.29030980897062997,0.23233167326311538
IT-PT1,26,DBF,273.28887939453125,plumber,14.400276708204842,0.7259080471393591,5.271664142608643,363.8229979276657,522.0445924155551,1168.0071454169235,643.3280022473866,1007.1510001750523,1.9746556325553044,1.2613314815728272,804.1841474892578,1.2500375309017178,0.7984742579310183
IT-Ren,28,ENF,263.0419006347656,icos_warmwinter2020,5.626812045165006,1.2009153410109945,3.581643581390381,349.3350826881149,573.0993765818527,916.2775324088224,962.0529573277074,1311.3880400158223,1.3527339420610278,0.9923849003698993,566.9424497207075,0.5893048250644147,0.43232241901021695
IT-Ro1,15,DBF,640.0245361328125,plumber,17.12544968939246,0.8050719225164608,4.482612609863281,380.92040143013,436.4690280041606,NA,860.8206035580497,1241.7410049881796,1.7923489191380186,1.2425222910100278,NA,NA,NA
IT-Ro2,15,DBF,350.0084533691406,plumber,16.768156575175972,0.7926442648530311,4.975353240966797,379.626384471144,465.78285477377233,1037.4399183569565,855.7625746991042,1235.3889591702482,1.8427900134450788,1.2765135343242398,657.8135338858125,0.7686869621718467,0.5324748363686481
IT-SR2,19,ENF,187.77357482910156,icos_warmwinter2020,16.82028096655243,0.9948802355728084,5.567625999450684,379.34090761840343,763.9414281977852,1273.7258902350495,1102.0927542111722,1481.4336618295756,1.4871499565600852,1.1063453152037783,894.3849826166462,0.8115333116919059,0.6037293506022252
IT-SRo,16,ENF,187.77357482910156,plumber,16.614085122019887,0.8330922437653885,5.413545608520508,376.6695156037807,565.8993451994646,1140.877814169828,837.2862029043722,1213.955718508153,2.040147873833098,1.4071251863654124,764.2082985660475,0.9127205200744588,0.6295190894649713
IT-Tor,0.6142857159887042,GRA,218.556884765625,icos_warmwinter2020,4.875666602016547,1.9405567417210323,3.2044947147369385,353.5546781879205,524.6111497306262,1005.628810830066,926.9473855506492,1280.5020637385696,0.8039109174448186,0.5819460540074826,652.0741326421454,0.7034640183539472,0.5092331758828578
JP-SMF,8.100000381469727,MF,195.4050750732422,plumber,15.751559456398098,1.8193378395732325,2.9250128269195557,370.1510068327189,784.7815764544843,NA,1579.863777613775,1950.0147844464939,NA,NA,NA,NA,NA
NL-Ca1,0.5,GRA,163.46798706054688,plumber,11.522260877972387,1.2707987432162795,7.275374889373779,355.757768958807,518.0829801732432,1111.9967130568464,688.6770612747937,1044.4348302336007,1.3427195554327265,0.8853593644945629,756.2389440980394,1.098103866997085,0.7240652285876921
NL-Hor,1,GRA,909.8111572265624,plumber,10.81302191065863,1.6626783663834608,5.894153118133545,348.2923150062561,668.6356331381364,631.3965979287073,986.841502029,1335.133817035256,0.9060759048141288,0.6697106278414703,283.1042829224512,0.2868791820574766,0.2120418787317522
NL-Loo,15.5,ENF,220.64414978027344,icos_drought2018,11.091574818458993,1.0187348769146172,6.18347692489624,353.48218140653944,549.7285721729227,975.1466814140888,803.5725249352911,1157.0547063418305,1.6211445470998944,1.1258821297368116,621.6645000075493,0.7736258778354945,0.537281855905515
PE-QFR,1.8565277797645992,WET,265.29791259765625,ameriflux,25.88252067077816,2.265384846410788,5.628481864929199,401.51708006858826,1029.2020823663493,NA,2834.2420014205686,3235.759081489157,0.6369712870845148,0.557931146939099,NA,NA,NA
PL-wet,1,WET,234.3014373779297,plumber,9.069474729361586,0.9374187016068224,8.654946327209473,338.55264273285866,451.8528733616088,917.3020059932006,519.506872364127,858.0595150969857,1.968137183808336,1.1915965906260497,578.749363260342,1.1140360100081435,0.674486271730145
PT-Esp,20,EBF,398.8717346191406,plumber,17.819729550839337,0.5628183724865894,5.202613353729248,384.21371074517566,571.3193058639702,NA,611.1143379450368,995.3280486902124,3.1466480238993757,1.9319878771645382,NA,NA,NA
PT-Mi1,7.300000190734863,EBF,723.00933837890625,plumber,16.690959141066685,0.21772534712855976,5.609499454498291,380.4299913048744,167.79102530368928,NA,243.8000024092617,624.2299937141361,8.059887188610324,3.1478790442444513,NA,NA,NA
PT-Mi2,0.10000000149011612,GRA,505.8746032714844,plumber,15.030543064777673,0.5650529473996583,5.322659969329834,372.5913682579994,380.50813565609775,1009.2445933383883,632.8826104642759,1005.4739787222753,1.9940511224761417,1.2551297263760424,636.6532250803889,1.0059578420291038,0.6331871719737867
RU-Che,0.4000000059604645,WET,178.8917999267578,plumber,-7.315679901246997,0.2042301900381212,7.707398891448975,195.15777633339167,178.5399092462112,NA,72.64800035774213,267.8057766911338,NA,NA,NA,NA,NA
RU-Fy2,12.444598754835717,ENF,270.4170227050781,icos_warmwinter2020,6.753964975207188,0.9136023923011728,4.741576194763184,175.69397577146688,363.42553168456107,764.0758555517058,582.2128350450498,757.9068108165167,1.7850171399134511,1.3712238428275763,588.3818797802389,1.0105958583594465,0.7763248349046458
RU-Fyo,21,ENF,284.5625915527344,icos_warmwinter2020,6.1719212515271,0.9039673388054524,6.53300666809082,315.1067668445732,387.3603778696903,749.0107861271842,551.6271325385956,866.7338993831688,1.791026098597848,1.139886869285298,433.90401928261105,0.7865893348751336,0.5006196476120397
RU-Zot,12,WSA,980.288330078125,plumber,-0.8707732998371696,0.6224840473366039,4.385681629180908,241.97868140041828,215.02015562115255,NA,250.53015197684093,492.5088333772592,3.28752049035232,1.6723009868211935,NA,NA,NA
SD-Dem,1.5,SAV,128.50904846191406,plumber,29.67294111631785,0.27425147726244736,6.532639980316162,404.4385277986527,535.0152981261253,1309.1997092532195,284.94000040572695,689.3785282043796,4.989720793159621,2.0623953120945697,904.7611814545668,3.1752691098697072,1.3124301736104158
SE-Deg,0.5,WET,266.7126770019531,icos_warmwinter2020,3.021000261461394,1.6116611132970902,7.334924221038818,302.91359470933673,264.85857958716895,689.3358769884765,509.0322017790719,811.9457964884086,1.001851729405118,0.6280896999292964,386.42228227913967,0.7591313102168987,0.47592127941345436
SE-Htm,15.01866664759318,ENF,276.3246154785156,icos_warmwinter2020,9.4026300493004,1.5384813629744216,4.670687675476074,346.49200488130253,339.76713068469115,805.8435301357774,823.3668338559482,1169.8588387372508,1.2716255064699458,0.8949919703498384,459.3515252544749,0.557894132197752,0.3926555153870533
SE-Lnn,1.9984558823529412,CRO,165.4405975341797,icos_drought2018,8.690575471569488,0.8843850277908096,11.837634086608888,205.90993322730063,166.55223656128106,NA,484.69960051992985,690.6095337472304,NA,NA,NA,NA,NA
SE-Nor,12.444598754835717,ENF,263.8726806640625,icos_warmwinter2020,8.148463014709382,1.015320982673793,4.983108043670654,NA,355.5453466897538,NA,540.836429630854,NA,1.8440307715028459,NA,468.5492310707545,0.8663418464443328,NA
SE-Ros,12.444598754835717,ENF,266.7126770019531,icos_warmwinter2020,4.359306262540274,1.5939704176528626,3.1801342964172363,177.61462510696478,290.62610509519493,470.929485089649,628.4947149444894,806.1093400514542,1.071711428534917,0.8355751947208679,293.3148599826842,0.46669423466606347,0.36386485729586243
SE-Svb,12.444598754835717,ENF,274.9810791015625,icos_warmwinter2020,3.6690633163899458,1.4298865564117234,7.426940441131592,310.96461694581166,290.9939211967152,634.234592396238,600.2765721005711,911.2411890463827,1.415585336561373,0.9325113082697164,323.26997545042633,0.5385350527994041,0.35475786140520005
UK-Gri,10,ENF,243.5284881591797,plumber,6.663816219081108,4.570990495111569,6.411627769470215,341.42912444472313,426.74270705790366,NA,1214.9691037981993,1556.3982282429224,0.7632004035725886,0.5957761281917141,NA,NA,NA
UK-Ham,22,DBF,156.73458862304688,plumber,11.802304538918014,1.3892533229236612,5.213935375213623,362.1358312368393,243.8574453629252,650.4289232909978,796.7000066408218,1158.835837877661,1.260111765080211,0.8663272387624996,288.2930920541584,0.36185903056497687,0.24877819845660804
UK-PL3,22,DBF,154.4820556640625,plumber,15.453350099868352,0.9497399978985772,6.005970478057861,377.2410304248333,505.482996419282,NA,555.8790936527655,933.1201240775988,1.753230489208102,1.0444359200470394,NA,NA,NA
US-A32,0.4707806229810339,GRA,175.78843688964844,ameriflux,18.358431219739376,0.7839723818799349,7.005794525146484,376.8512285749118,914.3611098263916,1455.0575450793401,819.0486675692566,1195.8998961441685,1.7949661583714822,1.2293375432895244,1078.2063165044283,1.316413003520646,0.9015857597954403
US-A74,0.8930252772826303,CRO,170.83566284179688,ameriflux,18.436659155355,0.29518506346055784,6.718222618103027,191.72983676195145,811.311198625668,1097.5942298135524,346.6610004485232,538.3908372104747,NA,NA,905.8643930516008,2.6131130755393857,1.6825405085738272
US-ALQ,0.8200000047683715,WET,245.2679443359375,ameriflux,6.979557013758278,1.5611206548395862,9.663902282714844,173.30909211933613,533.5502901273601,NA,1028.996571470764,1202.3056635901,1.2279049823242922,1.0509058180186135,NA,NA,NA
US-AR1,0.5,GRA,150.4324493408203,ameriflux,17.427974072087196,0.6110208400179795,4.420612335205078,375.02219496667385,581.8670079427304,997.4413082077978,500.9705014466448,875.9926964133186,2.3295761561488613,1.3322587504238677,622.4191132411239,1.2424266727158062,0.7105300258661615
US-AR2,0.25,GRA,150.4324493408203,ameriflux,17.586332227687258,0.5055531284808328,6.0273542404174805,375.17156164348125,430.8820926521894,782.3828273551769,411.6224996807658,786.7940613242471,2.76851084435546,1.4483858104227187,407.2112657116956,0.9892833021215036,0.5175576249601089
US-ARM,0.19111111111111112,CRO,177.5961456298828,ameriflux,17.433263454950577,0.5755658642578712,5.3345842361450195,371.3370487358835,668.9556153809807,1338.7227789718968,649.4662789716814,1020.8033277075649,2.478757669024953,1.5770613947639314,967.3857302360132,1.4895087883049183,0.9476710194592405
US-ARb,0.1,GRA,177.5961456298828,ameriflux,18.180275800004154,0.7321699029145688,4.936348915100098,379.3118500113487,657.9545924840484,1058.2932099718082,725.0160016419327,1104.3278516532814,NA,NA,678.9813599604595,0.936505343913487,0.61483676151422
US-ARc,0.4,GRA,177.5961456298828,ameriflux,17.64511784644486,0.7388490859008521,4.936348915100098,377.8000235259533,717.203430829137,1167.9890923386517,776.702000014694,1154.5020235406473,NA,NA,790.1890688126985,1.0173645346577571,0.6844414758055881
US-Aud,0.5,GRA,116.9391632080078,plumber,19.43744237679546,0.2529072625564331,4.112235069274902,404.1687288284302,260.28111168219243,771.4382007997825,337.2097853884043,741.3785142168344,2.743459483012359,1.2478394851591368,367.26947197135235,1.0891423911329403,0.49538726160593227
US-BRG,0.4707806229810339,GRA,217.98565673828125,ameriflux,14.400563683781051,1.5473790308579138,9.411404609680176,182.1869040876627,747.7509222354781,NA,1350.1152009036696,1532.3021049913323,NA,NA,NA,NA,NA
US-BZB,0.8200000047683715,WET,206.7255401611328,ameriflux,-0.714968181787494,0.5600569736281624,7.092884540557861,251.80088538202372,242.938886373749,646.0570102559836,263.72918742790205,515.5300728099257,3.2825345446977092,1.679242810140246,394.25612487395995,1.4949279172285062,0.7647587321628876
US-BZF,0.8200000047683715,WET,225.3379821777344,ameriflux,-0.44135494265881886,0.6520928818219638,5.993809223175049,254.1938283687288,285.6878565416217,648.5948912077583,262.42227814780426,516.616106516533,2.6621895625686394,1.3522959138483834,394.4010628390295,1.502925230368173,0.7634316039784712
US-BZS,12.444598754835717,ENF,206.7255401611328,ameriflux,-1.0511885080877326,0.7480298040446595,4.261328220367432,251.89696469157937,251.09032516353935,561.4979861611216,268.2495048713037,520.1464695628831,2.5650511087417853,1.3228460254047496,309.6010214695423,1.154153188905521,0.5952189231039529
US-BZo,0.8200000047683715,WET,206.7255401611328,ameriflux,-0.5279517728016909,0.6981173106319803,9.576969146728516,247.47849164903164,293.76984827160754,678.944487949799,287.79900311350565,535.2774947625373,2.245494811632234,1.2073198940878311,431.4659963007674,1.4991921154452388,0.8060604088953462
US-Bar,21,DBF,267.35455322265625,ameriflux,8.512542506340601,1.4471106381579448,7.529498100280762,NA,321.7182816890886,NA,1191.2915755093309,NA,1.108326706073031,NA,NA,NA,NA
US-Bi1,0.33983928571428573,CRO,581.48529052734375,ameriflux,16.7581543084572,0.3413095125906518,7.407294750213623,377.87568432092667,932.8973303060748,1669.3548141148888,381.2383342409816,759.1140185619083,4.433930043961762,2.2267855193918646,1291.479129793962,3.387589897970793,1.7012979581652101
US-Bi2,2.047814814814815,CRO,731.2584228515625,ameriflux,17.58894204892018,0.2890843606582111,7.407179355621338,380.6621727943421,767.8318890150621,1526.193573192724,364.6058012078879,745.26797400223,5.117582755767503,2.503663683405103,1145.531400398382,3.1418353646689026,1.5370731607406416
US-Bkg,1,GRA,151.6610107421875,plumber,8.980185296287669,1.0736783142287154,5.971064567565918,330.706370934844,848.6824340183157,1281.9318089116564,591.1876418838799,921.8940128187239,2.065499710843212,1.3245534588425016,951.2254379768124,1.609007649323716,1.03181648296902
US-Blo,4.699999809265137,ENF,703.89276123046875,plumber,12.608258202338464,1.1649581721414892,3.869916677474976,378.2621527484485,679.0606610798143,1228.4817912456679,1401.233883807262,1779.4960365557104,1.2898926662416197,1.0157040382684008,850.2196384972194,0.6067649721594701,0.47778675593054726
US-Bo1,3,CRO,192.44219970703125,plumber,12.681620331885894,1.1629752803976154,6.701313495635986,349.95736404955386,601.5952966782576,1048.2750971017126,800.155089161683,1150.112453211237,1.6136220248316648,1.1226275061603006,698.3177330521587,0.8727279780020913,0.6071734386514822
US-CF1,1.9984558823529412,CRO,237.9811248779297,ameriflux,9.575244417800892,0.02904570707544768,4.335757732391357,349.52920684218407,481.715099332014,NA,16.423750154251593,365.95295699643566,51.636334515147794,2.317407854601392,NA,NA,NA
US-CF2,1.9984558823529412,CRO,237.9811248779297,ameriflux,9.738277667914776,0.03387580128499649,4.3356757164001465,350.6544921696186,462.1092644812324,NA,20.26850026388161,370.9229924335002,43.490539586865566,2.376471750401866,NA,NA,NA
US-CF3,1.9984558823529412,CRO,238.91134643554688,ameriflux,8.01755844723671,0.04705087747391799,5.865640163421631,344.3277592897415,485.8370611980742,NA,22.49500033311278,366.8227596228543,35.717687649968596,2.19034772109054,NA,NA,NA
US-CF4,1.9984558823529412,CRO,238.91134643554688,ameriflux,9.5323655294923,0.04655332412521725,4.767077922821045,348.0583093881607,606.1299406353971,NA,28.550600420544463,376.60890980870516,33.2233368221064,2.5186504873900253,NA,NA,NA
US-CRT,0.42375,CRO,178.55430603027344,ameriflux,12.35046645424604,0.9846408986402652,13.722006797790527,347.3318147957325,682.8239157462517,1189.1009573333781,811.0206785844639,1158.3524933801964,1.9951160961357168,1.39688084532977,841.7691425376455,1.0379132921824499,0.7266951531146388
US-CS1,1.9984558823529412,CRO,167.4001922607422,ameriflux,8.451213926673784,1.4012346118663457,7.073826789855957,323.4353669062257,808.1569088064625,NA,896.2450046494383,1219.680371555664,NA,NA,NA,NA,NA
US-CS2,12.444598754835717,ENF,167.4001922607422,ameriflux,9.92598406074347,1.18637951361602,4.4703168869018555,338.0956980288029,657.6955643742873,NA,1025.190000436578,1363.2856984653808,1.287384486711168,0.9681123362323465,NA,NA,NA
US-CS3,1.9984558823529412,CRO,140.6266326904297,ameriflux,8.736863949363606,1.6956820046505532,7.360825538635254,328.0046622902155,409.5826043576458,NA,1184.8195089989586,1512.824171289174,NA,NA,NA,NA,NA
US-CS4,1.9984558823529412,CRO,148.46505737304688,ameriflux,9.953275304791788,1.3693417835677593,5.974180221557617,335.74438694119453,356.240176939781,NA,1036.0315056896752,1371.7758926308697,NA,NA,NA,NA,NA
US-Cop,0.5,GRA,112.42068481445312,ameriflux,12.961750460234155,0.13413248885064266,6.021181583404541,375.5534960627556,144.7236887720012,625.2587439340116,97.3590716327026,472.91256769545816,12.675594418498015,2.6095396681704335,249.705247871256,2.5647866571005875,0.5280156733581647
US-DFC,1.9984558823529412,CRO,184.63092041015625,ameriflux,10.824505145881025,1.038103064474057,4.47544002532959,168.29113422892988,551.3829189161484,919.0283283200445,816.3850017993241,984.676136028254,1.412573136211951,1.1711500666600707,750.7371940911146,0.9195871953018235,0.7624204209104274
US-EDN,2.596904761904762,WET,140.86151123046875,ameriflux,15.891933542058805,0.20396713988619103,6.7140278816223145,380.15860864520073,1048.933863677512,NA,290.8030006056834,670.9616092508841,NA,NA,NA,NA,NA
US-EML,1.3583333338300387,OSH,179.97842407226562,ameriflux,0.09100942665905548,1.2682792716156202,6.006224632263184,161.5237465535219,272.4248053854793,NA,620.5347698445008,782.0585163980227,1.3882601887088444,1.1015335791654377,NA,NA,NA
US-FPe,0.30000001192092896,GRA,142.2996063232422,plumber,7.422961303593455,0.609445669851703,4.430841445922852,320.0041092719351,309.2277920007573,681.8673341432351,394.6657643199128,714.6698735918478,1.7589484630361618,0.9713530193662011,361.8632248713,0.9168852674486776,0.5063361955536442
US-Fcr,1.75,OSH,215.51193237304688,ameriflux,-2.0720793765375647,0.7025784148178692,5.83192253112793,155.37050026841462,239.53575006982513,397.1788323194959,253.4157514630209,408.7862517314355,1.96061160468634,1.2154270380284917,241.8083320510813,0.9541961407492328,0.5915275551144137
US-Fmf,15.01866664759318,ENF,331.1567687988281,ameriflux,11.421460443042092,0.5052709347688249,5.634499549865723,213.3922802383701,495.9795745979205,967.7394361070698,587.5863349563475,800.9786151947176,3.070171301779759,2.2522332914748016,754.3471558686997,1.2838064995584708,0.9417818922485443
US-Fuf,15.01866664759318,ENF,332.4958190917969,ameriflux,10.85357190072828,0.5422274333634399,5.555109977722168,211.89266564448675,457.60947397979015,864.8896665456333,619.8301656764215,831.7228313209083,2.784943260296233,2.0754412136160556,652.9970009011465,1.0535095531991896,0.7851137137405297
US-GLE,9.725,ENF,215.2929229736328,ameriflux,1.1413898428602725,1.658192002537414,4.2034592628479,338.52779548056424,564.1172578112856,1077.7691701396298,1350.919711252609,1689.4475067331732,1.0386639302027063,0.8305387241010919,739.2413746590654,0.5472134046912536,0.43756397977023337
US-Goo,0.30000001192092896,GRA,218.48974609375,plumber,18.737177053256296,1.7562769508245135,7.890556335449219,378.6365521748861,629.333598279552,1152.263675328822,1418.8194215597832,1797.4559737346694,1.003440103770337,0.7920640774545487,773.627123153936,0.5452611596643122,0.43040115277289936
US-HB1,2.596904761904762,WET,234.47149658203125,ameriflux,23.32127878837172,0.8902524365526867,7.194637775421143,391.6965510845184,873.1384509719877,NA,1258.9069995369532,1650.6035506214716,NA,NA,NA,NA,NA
US-HWB,19.149629630424357,CVM,214.00485229492188,ameriflux,12.13216375762176,0.9179928887538517,5.772336483001709,350.7541110217571,608.9333027882489,NA,1119.7075129872617,1470.4616240090188,1.7291707344349492,1.3167058772372549,NA,NA,NA
US-Ha1,25.4,DBF,264.8782958984375,ameriflux,9.164803342450528,0.7716479243072701,6.9653520584106445,335.9657043993473,436.5691439856646,NA,600.8687832534798,936.8344876528272,2.09366903940649,1.3428416490041277,NA,NA,NA
US-Hn2,1.1833333240614996,GRA,148.46505737304688,ameriflux,14.37111142291979,0.06766553671984997,7.333188533782959,206.6610344313085,237.32799035544983,528.1828511481922,50.83475095023291,257.4957853815414,NA,NA,321.5218167168836,6.324842960903903,1.2486488516325516
US-Hn3,1.35,OSH,148.46505737304688,ameriflux,14.726440210645848,0.01704031724467555,6.4169745445251465,359.1859324872494,156.1087473068166,573.8359944284343,17.46500009620036,376.65093258344973,NA,NA,214.65006194118496,12.290298354357505,0.569891226523454
US-Ho1,20,ENF,227.1626434326172,plumber,7.799433481099386,1.481980050583279,5.048520565032959,320.4547444482644,367.78373225470256,697.1063395023787,817.6298272272645,1138.0845716755289,1.5132511022730315,1.0871593096824075,376.65159505411424,0.4606627382117531,0.3309522019963721
US-Ho2,12.444598754835717,ENF,227.1626434326172,ameriflux,8.263506113951989,0.9985782046027136,4.711903095245361,324.1823964484713,404.8892327315819,NA,807.53695748588,1131.7193539343511,1.6373393979748194,1.1683215200091444,NA,NA,NA
US-ICh,1.3583333338300387,OSH,163.27200317382812,ameriflux,-6.336985694701234,1.5210269707792892,4.241943836212158,126.43442956755558,146.28851586534634,309.85736590910153,237.03373751675824,363.4681670843138,0.624711556469644,0.40740215652932676,183.42293634154595,0.7738262842376097,0.5046464943902427
US-ICs,1.8565277797645992,WET,163.27200317382812,ameriflux,-7.088999637987244,1.3020691840941916,5.199160099029541,217.2062073610723,154.6192338388392,366.8638316448969,223.82271878116256,441.02892614223487,0.8560049990404907,0.4344235827146604,149.65762428382456,0.6686435813968858,0.33933743437853087
US-ICt,1.3583333338300387,OSH,163.27200317382812,ameriflux,-4.031429109262719,0.9893838687678852,4.874466419219971,248.48764049162463,179.27218477794588,446.53575162178504,308.42993572863867,556.9175762202633,1.4909668851920654,0.8257215074703285,198.04811113016044,0.6421170197448219,0.3556147616569953
US-Jo1,1.35,OSH,129.5244598388672,ameriflux,19.6546484678807,0.20771897328763472,6.052644729614258,240.5072106773203,285.25695427592603,661.2254759106443,220.91618490626905,461.42339558358935,6.699966198488347,3.20775016121364,420.718265233324,1.9044248179997656,0.9117835577045608
US-Jo2,1.35,OSH,129.5244598388672,ameriflux,19.539609677780753,0.22243170902528028,4.26084041595459,401.2255135178566,287.40243046135026,822.8395115069038,292.3985456645296,693.6240591823862,6.29454320372603,2.653476698258649,421.6139979890472,1.441915509637203,0.6078422344317574
US-KFS,0.4707806229810339,GRA,201.5957489013672,ameriflux,14.454370469446214,0.6233345368945573,4.916028022766113,358.24390130776624,575.6516340079465,1219.7950166945852,607.2111551405163,965.4550564482826,2.2465773180723305,1.412957339969411,861.5511153868191,1.418865757147438,0.8923782724348605
US-KLS,0.4707806229810339,GRA,180.57630920410156,ameriflux,15.215348923889149,0.3791352200516332,7.590382099151611,363.28862262517214,611.5538010563794,1149.6538155989456,365.5292534318221,728.8178760569942,3.0216018802109836,1.5154456493536104,786.3651929737736,2.1513057726320803,1.0789598043726896
US-KS2,2,CSH,216.8016662597656,plumber,22.292847246918775,0.767812583486659,8.15290355682373,394.18824653327465,907.3434922758264,1445.0258014440114,1146.409751523879,1540.5979980571537,1.805509172327074,1.3435388882965285,1050.8375549107368,0.9166334755212071,0.6820971831950624
US-Los,2,WET,240.2236328125,plumber,6.798510014598412,1.21639718359462,6.651185512542725,317.6210600104597,326.5871252936772,790.6736018655381,765.6105591941014,1083.231619204561,1.3126178228757486,0.9277370117002346,473.05254185507835,0.617876198511452,0.43670488699586746
US-MMS,26,DBF,301.7260437011719,ameriflux,13.139643062772144,0.5706825777073553,4.10130500793457,354.1701573621143,498.694661026787,1121.6351338521188,549.29531954018,903.4654769022943,2.6788845729175965,1.6287271568332058,767.4649764900045,1.3971809866001703,0.8494679609910566
US-MOz,24,DBF,282.50311279296875,ameriflux,14.628430042184988,0.8268306255843358,4.453941822052002,358.3734391015023,590.4423328314695,1256.441032070491,908.520627622282,1266.8940667237844,1.801529746552733,1.2919209103653875,898.0675929689888,0.9884944443356777,0.7088734698169447
US-Me1,7.2,ENF,163.21633911132812,ameriflux,11.25442219955282,0.1789981174558513,3.8269259929656982,363.45838236808777,499.82947572589694,967.2440887705758,155.062500185528,518.5208825536158,NA,NA,603.785706402488,3.8938215602100774,1.164438553427124
US-Me2,15.663333333333332,ENF,267.2327575683594,ameriflux,8.960775901756318,0.5110593657317366,3.829147100448608,356.54910489603094,512.2135708661845,1020.348061067472,489.3421679599191,845.8912728559501,3.1185473827567547,1.8040577863058251,663.7989561714411,1.356512885326922,0.7847331890897541
US-Me3,3.11,ENF,252.30335998535156,ameriflux,11.005801320015042,0.40619798365477405,5.411944389343262,362.6626970569293,364.92561755251086,NA,379.5383342535104,742.2010313104397,4.019983421759878,2.0556934674795704,NA,NA,NA
US-Me4,20,ENF,265.85003662109375,plumber,9.71046738765714,0.9016826477266394,3.987421751022339,356.5324669480324,361.34355120871334,983.5898623279285,641.4684045070953,998.0008714551277,2.5535584184340028,1.6413082306232945,627.0573953798961,0.9775343430386526,0.6283134747824616
US-Me6,5.199999809265137,ENF,252.30335998535156,plumber,10.266700804912537,0.4237901414384095,12.541333198547363,358.9263883382082,379.5533527105015,NA,416.7119983181096,775.6383866563178,3.726838760751629,2.0022454459700874,NA,NA,NA
US-Mpj,2.5,WSA,116.9391632080078,ameriflux,12.6032470518039,0.29988681462764266,3.18030047416687,389.892392543646,368.7353345423078,NA,353.25107774370787,743.1434702873539,4.8772779579444325,2.318399829891932,NA,NA,NA
US-Myb,2.3953333333333333,WET,1060.3604736328125,ameriflux,17.066590151452857,0.22316476902083093,6.714857578277588,380.72546032567817,1090.7069665940974,NA,267.84725285044436,648.5727131761225,6.70230449472213,2.767914545598553,NA,NA,NA
US-NC1,15.01866664759318,ENF,201.27224731445312,ameriflux,17.819672013137335,1.06677988167609,4.933056831359863,204.90842643380165,682.7070743245631,862.4197806732225,1072.9962595318968,1277.9046859656985,1.402835605544923,1.1778948571194685,657.5113542394208,0.6127806582720665,0.5145230011755898
US-NC4,2.596904761904762,WET,980.216064453125,ameriflux,18.482193523364455,0.8815269510493472,7.823676109313965,221.38486700103832,1002.6482624767332,1357.7034453605029,977.8588478958252,1199.2437148968636,1.657694550733478,1.3516779478663632,1136.3185783594645,1.162047652178651,0.9475293172223873
US-NGB,5.460000002384186,SNO,206.6813201904297,ameriflux,-7.1175743397433235,1.0462692187569207,8.567736625671387,204.2657606722787,603.0825946388662,NA,1094.1540021613832,1298.419762833662,1.5632450958550044,1.317317347554905,NA,NA,NA
US-NGB,5.460000002384186,SNO,206.6813201904297,ameriflux,-7.1175743397433235,1.0462692187569207,8.567736625671387,204.2657606722787,603.0825946388662,NA,1094.1540021613832,1298.419762833662,1.5632450958550044,1.317317347554905,NA,NA,NA
US-NGB,5.460000002384186,SNO,206.6813201904297,ameriflux,-7.1175743397433235,1.0462692187569207,8.567736625671387,204.2657606722787,603.0825946388662,NA,1094.1540021613832,1298.419762833662,1.5632450958550044,1.317317347554905,NA,NA,NA
US-NGB,5.460000002384186,SNO,206.6813201904297,ameriflux,-7.1175743397433235,1.0462692187569207,8.567736625671387,204.2657606722787,603.0825946388662,NA,1094.1540021613832,1298.419762833662,1.5632450958550044,1.317317347554905,NA,NA,NA
US-NGC,0.5750000029802322,GRA,192.31407165527344,ameriflux,1.35551615332875,2.050278270819314,4.889636516571045,136.1950787032644,310.6295107995754,525.5840503609484,746.9280006175042,883.1230793207685,NA,NA,389.388971657684,0.5213206243918642,0.4409226536771891
US-NR1,13.433333333333334,ENF,214.3060302734375,ameriflux,3.3193707687263605,0.6653628341615099,3.6098990440368657,353.5964095937578,587.7992989774227,1096.12450947756,633.8589506286835,987.4553602224413,2.550324613539776,1.6370826960083242,742.528099883802,1.1714405849240381,0.7519611820391909
US-Ne1,1.568529411764706,CRO,180.2693328857422,ameriflux,12.21120106644616,0.41994805774599286,6.6914591789245605,346.4484168678522,677.7490141380284,NA,417.206650234887,763.6550671027392,3.5702618023497967,1.9505363497045092,NA,NA,NA
US-Ne2,2.5,CRO,180.2693328857422,plumber,12.151670354595408,0.4539775332657383,6.6914591789245605,345.7015202478929,646.6452384822624,1126.777397001827,430.37923091668006,776.080751164573,3.316912600258184,1.839409483838938,781.075876753934,1.814854948019431,1.0064363477407028
US-Ne3,2.5,CRO,176.10858154296875,plumber,12.250046810435776,0.3743201962245724,6.69120454788208,346.0780344795097,587.0735880592238,1041.9388474026828,348.71513808214905,694.7931725616588,3.8574210434192446,1.9360309872324717,695.8608129231732,1.9954992970773893,1.001536630473178
US-ONA,0.4707806229810339,GRA,180.33090209960935,ameriflux,25.121382418857248,0.6448249393178405,6.773454666137695,NA,921.8797289248492,NA,1029.9776723733544,NA,2.0527465911524376,NA,1237.6111900736764,1.2015903094499871,NA
US-ORv,8,WET,201.18429565429688,ameriflux,13.234810552584408,1.5542500507871886,14.281023979187012,NA,855.8256032080888,NA,1130.503667160599,NA,NA,NA,NA,NA,NA
US-OWC,0.8200000047683715,WET,201.18429565429688,ameriflux,15.405496032896329,0.7385532702081581,11.873774528503418,374.9617935717106,1131.63689856348,NA,699.1205008897055,1074.082294461416,NA,NA,NA,NA,NA
US-PFa,30,MF,247.0664825439453,plumber,6.816276547404664,0.4950360356014511,7.743335247039795,317.6601314142346,359.87870231808176,NA,303.2379266910192,620.8980581052538,NA,NA,NA,NA,NA
US-Prr,7,ENF,174.20944213867188,plumber,-1.9775154490306868,0.5495140545727687,3.3820981979370117,236.91157108048597,199.8249910692313,549.5465184383564,250.38200509848133,487.2935761789673,2.635044033348606,1.3539427582158439,312.6349473578705,1.2486318544933115,0.6415741200804372
US-Rms,1.600000023841858,CSH,252.3866271972656,ameriflux,6.589889639454513,0.500533967517149,2.7854201793670654,355.33545161145076,461.4249797517084,1002.1511166591022,407.6608576023805,762.9963092138312,2.9481876543136205,1.5751854799515381,646.8156650476515,1.586651386772421,0.8477310535277833
US-Ro1,1.9984558823529412,CRO,167.1226043701172,ameriflux,8.887798315986267,1.05838979294586,8.10299015045166,324.3786641909526,528.6918232395664,1048.8766267078379,791.1857712825971,1115.5644354735496,1.427167031472255,1.0121820063806106,724.4979625168853,0.9157115671359918,0.6494451951664637
US-Ro4,0.6142857159887042,GRA,184.52117919921875,ameriflux,9.240959210605745,1.2576076536138443,7.351673126220703,327.2343234028667,413.55257473732195,898.0815432207684,915.7357507801208,1242.9700741829874,1.222050179936249,0.9003233965632504,570.8472198179016,0.6233754872315441,0.4592606303841413
US-Ro5,1.9984558823529412,CRO,184.52117919921875,ameriflux,8.330848401660473,1.2663821881183135,5.154195785522461,322.14395432174206,421.5228538257411,1019.9612155036389,922.357750232072,1244.501704553814,1.1058087666172864,0.8195660017434059,697.8172611818968,0.7565581370203923,0.5607202132616462
US-Ro6,1.9984558823529412,CRO,184.52117919921875,ameriflux,8.515932459137396,1.1525509536163907,5.559589385986328,321.92045846283435,529.0027011928073,1171.620846825207,866.6420000310426,1188.5624584938769,1.214706145501808,0.8857047064414821,849.7003883623727,0.9804514301544778,0.7148975489593508
US-Rwe,1.600000023841858,CSH,234.31570434570312,ameriflux,6.410903362238184,0.47007166302785386,3.2115046977996826,353.12445614337923,482.53989884729,1018.1855810121007,416.1208003146612,769.2452564580404,NA,NA,665.0611248687214,1.5982405214202633,0.8645631796690815
US-Rwf,1.600000023841858,CSH,175.78843688964844,ameriflux,7.97720010279038,0.5773694647857938,3.226401090621948,359.1587010877473,528.9576723628984,1175.201965243728,407.6608576023805,766.8195586901278,2.637937896459106,1.402395143662346,816.0432641559805,2.001769973588986,1.0641920317602958
US-Rws,1.35,OSH,168.28204345703125,ameriflux,11.561195328876392,0.6605013179229939,4.308481216430664,368.1061460460936,271.5059162721425,753.5911090753268,407.6608576023805,775.7670036484741,2.2157569073068126,1.164366822541989,385.48496302923314,0.9456020999818997,0.4969081711599959
US-SP1,22,ENF,207.4181671142578,plumber,21.46081435888675,0.05076632727830633,5.844072341918945,391.07336634397507,510.18370318038535,NA,53.84800104657194,444.921367390547,33.61724093699864,4.068631802907707,NA,NA,NA
US-SP2,1,ENF,201.331787109375,plumber,22.2682264283,1.016486755072155,6.06696891784668,392.29474890232086,945.012778347188,1394.0374561952945,1069.5699090766811,1461.864657979002,1.7554025942283622,1.284336263862785,1001.7427072929736,0.936584601709429,0.6852499660795291
US-SP3,10,EBF,203.79698181152344,plumber,20.836497205484747,0.9858153523409692,11.835161209106444,388.5853702425957,942.0363362895872,1494.058641010658,992.4952739456672,1381.0806441882628,1.7649280976597326,1.2683421515988023,1105.4732707680623,1.1138322768764943,0.8004407819485515
US-SRC,1.7,OSH,103.87995147705078,ameriflux,22.763074025229884,0.24788356013206836,4.876071929931641,402.8517923610551,217.6897899791447,744.0782535491296,297.5471441532608,700.3989365143159,5.377281599910056,2.2844049297445084,341.2264611880745,1.1467979709874658,0.48718871974058164
US-SRG,1,GRA,180.19216918945312,plumber,21.287094954433083,0.24802916419684737,6.12066650390625,405.5335953036944,376.65115189398455,892.6377198928951,370.9666716443507,776.5002669480451,3.749180449007946,1.7911403920426576,487.10412458920064,1.3130670807435552,0.627307092248292
US-SRM,2.5,WSA,129.5244598388672,plumber,21.481786744533192,0.22237275419646688,4.4974870681762695,403.5443437045271,320.15145936145774,805.2080181793744,333.1877312908711,736.7320749953982,4.884288518781006,2.2089237943832676,401.66367447484737,1.2055176008992874,0.5451963992165758
US-Seg,1.1833333240614996,GRA,116.9391632080078,ameriflux,16.03342334866673,0.2662535329820279,7.547643661499023,225.1192014356454,227.9956957072739,NA,231.4668675494454,456.58606898509083,5.288614187489732,2.681069447381182,NA,NA,NA
US-Ses,1.35,OSH,116.9391632080078,ameriflux,16.25561059879148,0.15690104501764968,4.09783935546875,225.74340894619624,220.4391834082629,NA,215.38380017127565,441.1272091174719,5.879067266472458,2.870500443281857,NA,NA,NA
US-Sne,0.4707806229810339,GRA,1060.3604736328125,ameriflux,17.153595722861255,0.2749874734259671,7.695772647857666,380.68725526332855,1179.0943454000794,1467.2080958142774,354.2760012019153,734.9632564652438,5.46992198266305,2.636678867763178,1086.5208405509488,3.0668767764816773,1.478333550681836
US-Snf,0.4707806229810339,GRA,809.80303955078125,ameriflux,17.723924724379252,0.22772576841635597,7.562157154083252,381.51417366663617,892.7470714031417,1627.8066651439829,301.2550005747926,682.7691742414288,NA,NA,1246.2924914773466,4.137001839303675,1.8253496767220112
US-Syv,27,MF,250.609375,plumber,5.401930889782085,1.0292926674677003,5.46957540512085,309.70048974667276,395.091162119196,965.5518994359643,654.640284207822,964.3407739544948,1.6020170784705814,1.0875252233244823,655.8514096892916,1.0018500625621216,0.6801033694757366
US-Ton,7.099999904632568,WSA,365.8648986816406,plumber,18.528911200410334,0.4691995837641076,5.3232903480529785,384.0087504472051,369.3210061864187,938.821876283069,545.6999376733401,929.7086881205452,3.014927889909713,1.769635997421188,554.8131258358638,1.016699998540185,0.5967601818989642
US-Tw1,3.283,WET,752.917236328125,ameriflux,17.723996667043444,0.2846457383552634,8.79344654083252,381.7939376592636,956.368360376317,NA,413.9106000671745,795.704537726438,5.304925045526692,2.759522668023588,NA,NA,NA
US-Tw2,1.8058333333333336,CRO,622.1810302734375,ameriflux,17.75562990319396,0.2486465742677599,6.021029949188232,382.03429931402206,629.4436708988408,1263.3126546388469,323.68900030952545,705.7232996235475,NA,NA,881.2783553248248,2.7226082890741057,1.2487590473418169
US-Tw3,0.29683116883116883,CRO,752.917236328125,ameriflux,18.542213709825624,0.2352408641337668,6.308480739593506,384.74464903275174,971.048875973818,1675.2858995908396,249.25483367865127,633.9994827114031,6.0990594977065395,2.397825396001225,1290.5412505580878,5.177597687922483,2.0355556837978415
US-Tw4,0.5,WET,752.917236328125,plumber,18.46368912668341,0.2969217415849339,6.714117527008057,385.6080050468445,1098.2677919014434,1454.6638122002776,387.4749981048809,773.0830031517254,6.100386787445669,3.057559601320897,1069.055807153433,2.7590317114191283,1.3828473822281409
US-Tw5,2.596904761904762,WET,752.917236328125,ameriflux,17.21033531244766,0.3854243030934889,7.407206058502197,380.5613292455673,1168.4807344689743,NA,510.90400082422326,891.4653300697905,3.892137941399521,2.2306070454417966,NA,NA,NA
US-Twt,0.5,CRO,778.41546630859375,plumber,17.166407401178933,0.33644395507219044,7.407113552093506,378.923676109314,1060.0120101309524,1856.3047660092352,358.8252011866643,737.7488772959782,4.302015833973851,2.0924080600322963,1477.381089899921,4.1172723794596955,2.00255281351951
US-UM3,19.149629630424357,WAT,269.7417297363281,ameriflux,15.579507262943672,0.8135465357718664,5.493967533111572,383.82535576820374,893.0931094960916,NA,972.9069994752422,1356.732355243446,NA,NA,NA,NA,NA
US-UMB,20,DBF,272.099609375,plumber,7.852096683129582,0.4027091656487264,5.958469867706299,323.6168378551801,453.7202465525202,NA,306.5319007347967,630.1487385899768,4.100167356701302,1.9945006888257995,NA,NA,NA
US-UMd,23,DBF,269.7417297363281,ameriflux,8.135338182515714,1.170080924811739,3.473489999771118,324.8200538376967,419.4590971169236,NA,920.0128003452256,1244.8328541829223,1.3889996657380683,1.026561492059143,NA,NA,NA
US-Var,0.28639307366101696,GRA,365.8648986816406,ameriflux,18.796746799247664,0.6074114389025165,4.3584418296813965,384.2310914884914,303.13144405750967,812.9782711015614,565.6985554885874,949.9296469770788,2.3427616592051934,1.3951526733415056,428.74717961306993,0.7579075029505172,0.45134624545876006
US-WCr,24,DBF,256.2208557128906,plumber,6.646183781929498,1.034943444971293,5.548610210418701,318.4590913914144,353.09705388283254,851.1621696009707,751.883749580702,1070.3428409721164,1.60254355955937,1.125738795369113,532.7030782095563,0.7084912774170546,0.4976938769691214
US-Whs,1,OSH,129.5244598388672,ameriflux,20.496171935579593,0.25937194465016117,4.87783145904541,405.18571112411365,263.8911077775572,714.124669462775,295.09128874486237,700.276999868976,5.250301890900406,2.212436438117018,308.93895833866134,1.0469267312251014,0.44116679313538043
US-Wjs,8.333333333333334,SAV,130.78665161132812,ameriflux,14.616515205872586,0.281314931936075,5.819510459899902,392.996658651034,369.51138325039057,NA,333.4562017502594,726.4528604012935,5.166397833959178,2.3714785808553853,NA,NA,NA
US-Wkg,0.5,GRA,129.5244598388672,ameriflux,19.41833229123068,0.3019411279943816,4.447141647338867,405.4144257571962,294.5738606259253,795.22936073215,312.3168358320413,717.7312615892375,4.517937162241922,1.9659556640671028,389.81493497495376,1.2481393580222797,0.5431210201319717
US-xAE,0.4707806229810339,GRA,162.32815551757812,ameriflux,17.109516182958295,1.2292435888969873,4.532594680786133,185.83440138101577,390.4943674502727,799.758301262227,1373.3861971954932,1559.220598576509,1.1889573632539343,1.047252475523769,613.9238998812112,0.4470147589475321,0.39373767922364117
US-xBR,23.183333333333337,DBF,267.35455322265625,ameriflux,8.34400718597309,1.5734381005546807,3.234962224960327,326.4434430897236,510.7366517217838,1085.416791284515,1271.4019993917918,1597.8454424815154,1.0364668982635754,0.8247143633048621,758.9733481947914,0.5969578060738193,0.47499797415704775
US-xCL,0.4707806229810339,GRA,262.47039794921875,ameriflux,19.268201752813223,0.4452642910899786,4.033998012542725,188.62254370450972,876.4742238354953,1462.2982910098926,587.9580000566443,776.5805437611541,3.199279165373896,2.4222107993921895,1273.6757473053829,2.1662699498649154,1.6401077229371277
US-xCP,1.1833333240614996,GRA,154.60704040527344,ameriflux,11.214305875347504,0.5144465079261448,5.079858303070068,183.5834814583262,290.08821160828546,673.937832644082,390.5665002092803,574.1499816676065,2.8801577858004177,1.959232225669242,490.35435118575583,1.2554951613182528,0.8540527159149809
US-xDC,0.6142857159887042,GRA,180.29917907714844,ameriflux,5.59566325157418,0.5748831108772082,5.3187761306762695,152.979315289855,485.80899240883025,996.9136274621808,364.86060132363497,517.83991661349,2.69549231614204,1.8991949360768963,843.9343121723258,2.3130321802647793,1.629720469776433
US-xDL,14.420000076293944,MF,331.8777770996094,ameriflux,19.72974897054658,1.0247426177187722,4.666769981384277,189.63417361974717,802.8241969080898,1252.6322084356123,1365.013205420155,1554.647379039902,1.3761388802324903,1.2082789765287616,1062.9980348158651,0.7787456052402595,0.6837550747181892
US-xDS,10.754555575225089,CVM,208.39425659179688,ameriflux,24.148504000776736,0.9153555582300544,7.869835376739502,196.37538837194444,508.6608824502666,1017.2950051442292,1354.186398242457,1550.5617866144014,1.4795450251950706,1.2921637602595673,820.9196167722847,0.6062087300815623,0.5294336696925407
US-xGR,19.4375,DBF,250.9209442138672,ameriflux,15.331428358939547,1.2369768619171078,8.939539909362793,185.8557369887829,619.298444316453,1226.4616745401374,1239.3430023564542,1425.198739345237,1.2263496159094118,1.0664251749325224,1040.6059375513546,0.8396432106146352,0.7301479497725548
US-xHA,23.183333333333337,DBF,264.8782958984375,ameriflux,9.206256529661044,1.7401803522432908,3.733332633972168,166.86405297219753,521.4388965302868,975.1883397450334,1405.6935994439275,1572.557652416125,0.9353981600535248,0.8361430848011457,808.3242867728359,0.57503590191532306,0.5140188568164112
US-xHE,1.3583333338300387,OSH,185.0770263671875,ameriflux,-0.5596064123374412,0.8314452739193311,5.836843490600586,132.7109845533967,287.52778538609306,580.5725025495194,282.9413986119175,415.65238316531423,1.9362013598259873,1.3180040411931828,447.86151799612264,1.58287730319171,1.0774905573391074
US-xJE,15.01866664759318,ENF,219.1702117919922,ameriflux,21.0665188843138,0.9770672459412016,4.558286666870117,192.28958451747897,754.1729979972067,1332.320078314782,1300.784202248908,1493.073786766387,1.4205744599298895,1.2376218991809276,1140.030493797303,0.8764178499602931,0.7635459840644013
US-xKA,0.4707806229810339,GRA,199.30667114257812,ameriflux,15.33613675015801,0.909814656179288,4.627577781677246,186.83174821734428,575.391034514135,1150.3610611723961,887.4985980901034,1074.3303463074476,1.6338430084318036,1.349709039185586,963.529312955052,1.0856685464389089,0.8968650250519061
US-xKZ,0.4707806229810339,GRA,188.92332458496097,ameriflux,13.945786957808371,0.64359273901147,4.455846786499023,177.26276490390302,593.4847218730201,1192.196687205161,603.7534003132554,781.0161652171585,2.352091472769211,1.8182507453445287,1014.933922301258,1.6810405072247427,1.2995043732789573
US-xMB,1.35,OSH,111.3000717163086,ameriflux,13.456288999904396,0.21189266675896257,4.632673740386963,187.9521962225437,233.2697999464915,680.8010065339254,148.6314007527585,336.5835969753022,6.905027697489198,3.0491799010327956,492.8488103113816,3.3159131099841606,1.46426865343514
US-xML,23.183333333333337,DBF,252.33285522460935,ameriflux,10.054625415536892,2.073116271492332,4.6377692222595215,178.31246329247952,478.5418668375456,840.7719938075651,1842.572594277076,2020.8850575695556,0.7942566518627855,0.7241755457901726,662.4595305150856,0.3595296774589216,0.3278066350353451
US-xNG,0.6142857159887042,GRA,122.67118072509766,ameriflux,6.808917519058197,0.1795435624842014,5.134496212005615,156.8138166770339,346.2931215120209,716.1684534242411,125.63719948549308,282.451016162527,8.300746698843852,3.692259928996329,559.3546367472072,4.452141873886596,1.9803597959985573
US-xNQ,1.75,OSH,130.78665161132812,ameriflux,12.098692016656043,0.2871551229955004,4.396213054656982,183.72982129454613,186.61511626204904,519.6583220401299,238.46080032463303,422.1906216191792,5.2816729521496315,2.983183175391865,335.9285007455838,1.408736783103392,0.7956796848239684
US-xRM,12.444598754835717,ENF,209.92234802246097,ameriflux,6.280787564452916,0.32567730367391223,6.7843852043151855,180.9604060649872,540.2634237008288,980.5051150367282,292.5866002118324,473.5470062768196,4.809882550672686,2.971842634977769,799.544708971741,2.7326771232615283,1.688416774626074
US-xSB,15.01866664759318,ENF,188.64691162109375,ameriflux,22.41184916641816,1.11642730802297,4.563637733459473,194.55645396709443,832.6191017546101,1337.5758607093533,1514.8536024979078,1709.4100564650023,1.2259316366822004,1.086402264465799,1143.0194067422588,0.754541168108578,0.6686630878409486
US-xSE,19.4375,DBF,226.0938262939453,ameriflux,14.962384898441815,1.454802356185163,5.604517459869385,179.1212391883135,740.0060880568554,1389.4060075801476,1437.8984093617553,1617.0196485500687,1.0470209975533202,0.931039909317256,1210.2847683918342,0.8417039482845295,0.7484663340220132
US-xSR,1.35,OSH,103.87995147705078,ameriflux,22.746022004236192,0.2634293457311317,4.732926368713379,198.3293771147728,245.6714094126532,605.4942929358449,278.9386001034405,477.2679772182133,5.132297767095452,2.9995642339378534,407.16491582107216,1.4596936948492634,0.8531159333049302
US-xST,23.183333333333337,DBF,247.0664825439453,ameriflux,6.4148894172058855,1.0531883376118312,4.860748767852783,157.30947439819573,484.5119865628455,859.2742844475301,765.1517965780771,922.4612709762728,1.612840939651663,1.337799408383928,701.9648100493343,0.9174190182767282,0.7609694110045624
US-xTA,15.01866664759318,ENF,416.7712097167969,ameriflux,18.788753122720777,1.2017734096140953,3.879425048828125,189.08690586090088,864.735296381398,1501.6122316074498,1483.904596362927,1672.9915022238279,1.2333972932184087,1.0939947454099637,1312.5253257465488,0.8845078915204986,0.7845379513296221
US-xTR,23.183333333333337,DBF,248.4034118652344,ameriflux,6.566857950101732,1.033943767632579,5.14872407913208,157.3753392726183,521.1692331572863,920.8445082331402,753.7423996033385,911.1177388759568,1.6372937602749738,1.3544876529873457,763.4691689605219,1.0129046334162735,0.8379478703843606
US-xUK,19.4375,DBF,203.55145263671875,ameriflux,13.797858645877442,1.0130604659018907,3.572526693344116,176.88868892490865,733.2263246428092,1299.2270715822185,988.2632048843334,1165.151893809242,1.501237707176752,1.2733258175784268,1122.33838265731,1.135667479179971,0.9632549958684258
US-xUN,29,MF,238.82179260253903,ameriflux,5.7156990485290216,1.0234062339121146,5.144302845001221,154.70497702658176,421.6075973575659,776.4089000770549,711.5064000478628,866.2113770744446,1.6152524565086035,1.326769066899629,621.7039230504731,0.8737854262570952,0.7177277273247383
US-xYE,12.444598754835717,ENF,183.6102752685547,ameriflux,4.2438760849601564,0.6005374228635544,4.128029823303223,167.20217910408974,307.91533150233295,628.9603196498038,460.7282504608776,627.9304295649673,2.802775058970101,2.0564661124152046,461.758140545714,1.0022353525832335,0.7353651277349657
ZA-Kru,12,SAV,254.30386352539065,plumber,22.902949111809733,0.5107721039816867,4.705829620361328,403.79010369380313,428.6532079573659,950.5034681165259,676.4830065268825,1080.2731102206856,2.643120058743885,1.6551608912910025,546.7133644227229,0.8081701375317507,0.5060880986948166
ZM-Mon,12,DBF,422.2993469238281,plumber,24.373264655223725,0.43782820676071654,5.428799152374268,412.9806948900223,709.8314415259573,1385.3062096124463,682.8000021363551,1095.7806970263773,2.9594053409113807,1.8440569162973586,972.325514722424,1.4240268185122977,0.887335866894741
